"RULE_ID","PREDICATE","DIM","DIM_VALUE","SUPPORT","PURCHASE_RATE","BASELINE_RATE","RAW_LIFT","SHRUNK_LIFT","BID_MULTIPLIER","CI_LOWER","CI_UPPER","RULE_ACTION","SOURCE_PLATFORM","VALID_FROM","VALID_TO"
141,"Channel=Display AND DMA=Philadelphia","Channel x DMA","Display_Philadelphia",40023,0.004597,0.007422,0.619,0.695,0.7,0.003934,0.00526,"SUPPRESS","TTD","2026-09-15","2026-10-15"
142,"DeviceType=3 AND DMA=Atlanta","DeviceType x DMA","3_Atlanta",19957,0.010222,0.007422,1.377,1.151,1.15,0.008826,0.011618,"BOOST","TTD","2026-09-15","2026-10-15"
143,"Site=espn.com AND Channel=Mobile App","Site x Channel","espn.com_Mobile App",33529,0.0102,0.007422,1.374,1.251,1.25,0.009124,0.011276,"BOOST","TTD","2026-09-15","2026-10-15"
144,"DeviceType=3 AND DMA=Philadelphia","DeviceType x DMA","3_Philadelphia",20013,0.010193,0.007422,1.373,1.149,1.15,0.008801,0.011585,"BOOST","TTD","2026-09-15","2026-10-15"
145,"DeviceType=0 AND DMA=Phoenix","DeviceType x DMA","0_Phoenix",19706,0.004669,0.007422,0.629,0.854,0.85,0.003717,0.005621,"SUPPRESS","TTD","2026-09-15","2026-10-15"
146,"DeviceType=6 AND Channel=Display","DeviceType x Channel","6_Display",50315,0.004671,0.007422,0.629,0.629,0.63,0.004075,0.005267,"SUPPRESS","TTD","2026-09-15","2026-10-15"
147,"Site=reuters.com AND Channel=CTV","Site x Channel","reuters.com_CTV",33220,0.010144,0.007422,1.367,1.244,1.24,0.009066,0.011222,"BOOST","TTD","2026-09-15","2026-10-15"
148,"Site=bbc.com AND Channel=Display","Site x Channel","bbc.com_Display",33396,0.004701,0.007422,0.633,0.755,0.76,0.003967,0.005435,"SUPPRESS","TTD","2026-09-15","2026-10-15"
149,"DeviceType=3 AND DMA=Houston","DeviceType x DMA","3_Houston",20041,0.010129,0.007422,1.365,1.146,1.15,0.008743,0.011515,"BOOST","TTD","2026-09-15","2026-10-15"
150,"DeviceType=5 AND AuctionType=OpenRTB","DeviceType x AuctionType","5_OpenRTB",49937,0.004726,0.007422,0.637,0.637,0.64,0.004124,0.005328,"SUPPRESS","TTD","2026-09-15","2026-10-15"
151,"Channel=Display AND DMA=Phoenix","Channel x DMA","Display_Phoenix",39776,0.004726,0.007422,0.637,0.711,0.71,0.004052,0.0054,"SUPPRESS","TTD","2026-09-15","2026-10-15"
152,"Channel=Display AND AuctionType=Direct","Channel x AuctionType","Display_Direct",99960,0.004742,0.007422,0.639,0.639,0.64,0.004316,0.005168,"SUPPRESS","TTD","2026-09-15","2026-10-15"
153,"Site=usatoday.com AND Channel=CTV","Site x Channel","usatoday.com_CTV",33394,0.010092,0.007422,1.36,1.24,1.24,0.00902,0.011164,"BOOST","TTD","2026-09-15","2026-10-15"
154,"DeviceType=2 AND DMA=Miami","DeviceType x DMA","2_Miami",20021,0.010089,0.007422,1.359,1.144,1.14,0.008705,0.011473,"BOOST","TTD","2026-09-15","2026-10-15"
155,"DeviceType=4 AND AuctionType=OpenRTB","DeviceType x AuctionType","4_OpenRTB",50179,0.004783,0.007422,0.644,0.644,0.64,0.004179,0.005387,"SUPPRESS","TTD","2026-09-15","2026-10-15"
156,"DayPart=Afternoon AND Channel=Display","DayPart x Channel","Afternoon_Display",99842,0.004788,0.007422,0.645,0.645,0.65,0.00436,0.005216,"SUPPRESS","TTD","2026-09-15","2026-10-15"
157,"MatchCode=FZY5 AND Channel=Display","Match x Channel","FZY5_Display",6667,0.0048,0.007422,0.647,0.953,0.95,0.003141,0.006459,"NEUTRAL","TTD","2026-09-15","2026-10-15"
158,"Site=foxnews.com AND Channel=Display","Site x Channel","foxnews.com_Display",33273,0.004809,0.007422,0.648,0.766,0.77,0.004066,0.005552,"SUPPRESS","TTD","2026-09-15","2026-10-15"
159,"Channel=CTV AND AuctionType=Direct","Channel x AuctionType","CTV_Direct",100389,0.010011,0.007422,1.349,1.349,1.35,0.009395,0.010627,"BOOST","TTD","2026-09-15","2026-10-15"
160,"DayPart=LateNight AND Channel=Mobile App","DayPart x Channel","LateNight_Mobile App",100039,0.004858,0.007422,0.655,0.655,0.66,0.004427,0.005289,"SUPPRESS","TTD","2026-09-15","2026-10-15"
102,"Site=weather.com AND Channel=CTV","Site x Channel","weather.com_CTV",33713,0.011361,0.007422,1.531,1.358,1.36,0.01023,0.012492,"BOOST","TTD","2026-09-15","2026-10-15"
103,"MatchCode=FZY2 AND Channel=Display","Match x Channel","FZY2_Display",26823,0.003504,0.007422,0.472,0.717,0.72,0.002797,0.004211,"SUPPRESS","TTD","2026-09-15","2026-10-15"
104,"Site=abcnews.com AND Channel=CTV","Site x Channel","abcnews.com_CTV",33224,0.011197,0.007422,1.509,1.338,1.34,0.010066,0.012328,"BOOST","TTD","2026-09-15","2026-10-15"
105,"MatchCode=FZY3 AND Channel=Display","Match x Channel","FZY3_Display",20112,0.003729,0.007422,0.502,0.8,0.8,0.002887,0.004571,"SUPPRESS","TTD","2026-09-15","2026-10-15"
106,"DeviceType=3 AND DMA=Los Angeles","DeviceType x DMA","3_Los Angeles",20070,0.011061,0.007422,1.49,1.197,1.2,0.009614,0.012508,"BOOST","TTD","2026-09-15","2026-10-15"
107,"DeviceType=0 AND Channel=Display","DeviceType x Channel","0_Display",49861,0.003791,0.007422,0.511,0.512,0.51,0.003252,0.00433,"SUPPRESS","TTD","2026-09-15","2026-10-15"
108,"DeviceType=3 AND AuctionType=Direct","DeviceType x AuctionType","3_Direct",50361,0.010981,0.007422,1.479,1.479,1.48,0.010071,0.011891,"BOOST","TTD","2026-09-15","2026-10-15"
109,"MatchCode=HHD1 AND Channel=Display","Match x Channel","HHD1_Display",40291,0.003872,0.007422,0.522,0.615,0.62,0.003266,0.004478,"SUPPRESS","TTD","2026-09-15","2026-10-15"
110,"DeviceType=0 AND AuctionType=OpenRTB","DeviceType x AuctionType","0_OpenRTB",49755,0.003879,0.007422,0.523,0.525,0.53,0.003333,0.004425,"SUPPRESS","TTD","2026-09-15","2026-10-15"
111,"DeviceType=0 AND DMA=Denver","DeviceType x DMA","0_Denver",19789,0.003891,0.007422,0.524,0.812,0.81,0.003024,0.004758,"SUPPRESS","TTD","2026-09-15","2026-10-15"
112,"DayPart=Morning AND Channel=CTV","DayPart x Channel","Morning_CTV",100230,0.010895,0.007422,1.468,1.468,1.47,0.010252,0.011538,"BOOST","TTD","2026-09-15","2026-10-15"
113,"Channel=Display AND DMA=Atlanta","Channel x DMA","Display_Atlanta",39866,0.003988,0.007422,0.537,0.631,0.63,0.003369,0.004607,"SUPPRESS","TTD","2026-09-15","2026-10-15"
114,"DeviceType=5 AND Channel=Display","DeviceType x Channel","5_Display",49646,0.004008,0.007422,0.54,0.543,0.54,0.003452,0.004564,"SUPPRESS","TTD","2026-09-15","2026-10-15"
115,"Channel=Display AND DMA=Dallas-Ft. Worth","Channel x DMA","Display_Dallas-Ft. Worth",39899,0.004035,0.007422,0.544,0.636,0.64,0.003413,0.004657,"SUPPRESS","TTD","2026-09-15","2026-10-15"
116,"Site=cnn.com AND Channel=Display","Site x Channel","cnn.com_Display",33222,0.004064,0.007422,0.547,0.699,0.7,0.00338,0.004748,"SUPPRESS","TTD","2026-09-15","2026-10-15"
117,"Channel=CTV AND DMA=Chicago","Channel x DMA","CTV_Chicago",39960,0.010736,0.007422,1.446,1.357,1.36,0.009726,0.011746,"BOOST","TTD","2026-09-15","2026-10-15"
118,"DeviceType=3 AND Channel=Video","DeviceType x Channel","3_Video",50339,0.010727,0.007422,1.445,1.445,1.45,0.009827,0.011627,"BOOST","TTD","2026-09-15","2026-10-15"
119,"DeviceType=1 AND DMA=Los Angeles","DeviceType x DMA","1_Los Angeles",19867,0.010721,0.007422,1.444,1.177,1.18,0.009289,0.012153,"BOOST","TTD","2026-09-15","2026-10-15"
120,"DeviceType=2 AND Channel=CTV","DeviceType x Channel","2_CTV",50165,0.010705,0.007422,1.442,1.442,1.44,0.009804,0.011606,"BOOST","TTD","2026-09-15","2026-10-15"
121,"Site=washingtonpost.com AND Channel=Display","Site x Channel","washingtonpost.com_Display",33332,0.00417,0.007422,0.562,0.708,0.71,0.003478,0.004862,"SUPPRESS","TTD","2026-09-15","2026-10-15"
161,"Channel=Display AND AuctionType=PMP","Channel x AuctionType","Display_PMP",99735,0.004863,0.007422,0.655,0.655,0.66,0.004431,0.005295,"SUPPRESS","TTD","2026-09-15","2026-10-15"
162,"DeviceType=5 AND DMA=Denver","DeviceType x DMA","5_Denver",19925,0.004868,0.007422,0.656,0.863,0.86,0.003902,0.005834,"SUPPRESS","TTD","2026-09-15","2026-10-15"
163,"MatchCode=EXCT AND Channel=Mobile App","Match x Channel","EXCT_Mobile App",79571,0.009966,0.007422,1.343,1.343,1.34,0.009276,0.010656,"BOOST","TTD","2026-09-15","2026-10-15"
164,"DayPart=LateNight AND Channel=Video","DayPart x Channel","LateNight_Video",100045,0.004898,0.007422,0.66,0.66,0.66,0.004465,0.005331,"SUPPRESS","TTD","2026-09-15","2026-10-15"
165,"DeviceType=1 AND AuctionType=PMP","DeviceType x AuctionType","1_PMP",50045,0.009931,0.007422,1.338,1.338,1.34,0.009062,0.0108,"BOOST","TTD","2026-09-15","2026-10-15"
166,"Channel=CTV AND DMA=Philadelphia","Channel x DMA","CTV_Philadelphia",40279,0.009931,0.007422,1.338,1.272,1.27,0.008963,0.010899,"BOOST","TTD","2026-09-15","2026-10-15"
167,"DayPart=Morning AND Channel=Display","DayPart x Channel","Morning_Display",99679,0.004916,0.007422,0.662,0.662,0.66,0.004482,0.00535,"SUPPRESS","TTD","2026-09-15","2026-10-15"
168,"MatchCode=MDI1 AND Channel=Display","Match x Channel","MDI1_Display",40519,0.004936,0.007422,0.665,0.729,0.73,0.004254,0.005618,"SUPPRESS","TTD","2026-09-15","2026-10-15"
169,"Channel=Video AND AuctionType=OpenRTB","Channel x AuctionType","Video_OpenRTB",100168,0.004942,0.007422,0.666,0.666,0.67,0.004508,0.005376,"SUPPRESS","TTD","2026-09-15","2026-10-15"
170,"Site=washingtonpost.com AND Channel=CTV","Site x Channel","washingtonpost.com_CTV",33499,0.009881,0.007422,1.331,1.222,1.22,0.008822,0.01094,"BOOST","TTD","2026-09-15","2026-10-15"
171,"DeviceType=0 AND DMA=Philadelphia","DeviceType x DMA","0_Philadelphia",20081,0.00498,0.007422,0.671,0.868,0.87,0.004006,0.005954,"SUPPRESS","TTD","2026-09-15","2026-10-15"
172,"DeviceType=0 AND DMA=Dallas-Ft. Worth","DeviceType x DMA","0_Dallas-Ft. Worth",20069,0.004983,0.007422,0.671,0.868,0.87,0.004009,0.005957,"SUPPRESS","TTD","2026-09-15","2026-10-15"
173,"DayPart=Evening AND Channel=Mobile App","DayPart x Channel","Evening_Mobile App",99849,0.009845,0.007422,1.326,1.326,1.33,0.009233,0.010457,"BOOST","TTD","2026-09-15","2026-10-15"
174,"DayPart=Afternoon AND Channel=CTV","DayPart x Channel","Afternoon_CTV",99396,0.009809,0.007422,1.322,1.322,1.32,0.009196,0.010422,"BOOST","TTD","2026-09-15","2026-10-15"
175,"Channel=Display AND DMA=Chicago","Channel x DMA","Display_Chicago",40180,0.005102,0.007422,0.687,0.749,0.75,0.004405,0.005799,"SUPPRESS","TTD","2026-09-15","2026-10-15"
176,"DeviceType=4 AND DMA=Denver","DeviceType x DMA","4_Denver",19924,0.005119,0.007422,0.69,0.876,0.88,0.004128,0.00611,"SUPPRESS","TTD","2026-09-15","2026-10-15"
177,"DeviceType=2 AND AuctionType=PG","DeviceType x AuctionType","2_PG",50016,0.009717,0.007422,1.309,1.309,1.31,0.008857,0.010577,"BOOST","TTD","2026-09-15","2026-10-15"
178,"Channel=CTV AND DMA=Atlanta","Channel x DMA","CTV_Atlanta",40225,0.009671,0.007422,1.303,1.244,1.24,0.008715,0.010627,"BOOST","TTD","2026-09-15","2026-10-15"
179,"Site=huffpost.com AND Channel=Display","Site x Channel","huffpost.com_Display",33113,0.005194,0.007422,0.7,0.801,0.8,0.00442,0.005968,"SUPPRESS","TTD","2026-09-15","2026-10-15"
83,"DeviceType=3 AND Channel=CTV","DeviceType x Channel","3_CTV",49736,0.01508,0.007422,2.032,2.026,2.03,0.014009,0.016151,"BOOST","TTD","2026-09-15","2026-10-15"
84,"Site=espn.com AND Channel=CTV","Site x Channel","espn.com_CTV",33533,0.014493,0.007422,1.953,1.639,1.64,0.013214,0.015772,"BOOST","TTD","2026-09-15","2026-10-15"
85,"DeviceType=3 AND AuctionType=PG","DeviceType x AuctionType","3_PG",50102,0.013453,0.007422,1.812,1.812,1.81,0.012444,0.014462,"BOOST","TTD","2026-09-15","2026-10-15"
86,"MatchCode=EXCT AND Channel=CTV","Match x Channel","EXCT_CTV",79392,0.012911,0.007422,1.739,1.739,1.74,0.012126,0.013696,"BOOST","TTD","2026-09-15","2026-10-15"
87,"DayPart=Evening AND Channel=CTV","DayPart x Channel","Evening_CTV",100484,0.012708,0.007422,1.712,1.712,1.71,0.012015,0.013401,"BOOST","TTD","2026-09-15","2026-10-15"
88,"Channel=CTV AND AuctionType=PG","Channel x AuctionType","CTV_PG",100290,0.012554,0.007422,1.691,1.691,1.69,0.011865,0.013243,"BOOST","TTD","2026-09-15","2026-10-15"
89,"DeviceType=3 AND DMA=Miami","DeviceType x DMA","3_Miami",20005,0.012547,0.007422,1.69,1.276,1.28,0.011005,0.014089,"BOOST","TTD","2026-09-15","2026-10-15"
90,"DeviceType=3 AND DMA=New York","DeviceType x DMA","3_New York",19747,0.012508,0.007422,1.685,1.271,1.27,0.010958,0.014058,"BOOST","TTD","2026-09-15","2026-10-15"
91,"DeviceType=1 AND Channel=CTV","DeviceType x Channel","1_CTV",50213,0.012407,0.007422,1.672,1.672,1.67,0.011439,0.013375,"BOOST","TTD","2026-09-15","2026-10-15"
92,"MatchCode=HEM1 AND Channel=CTV","Match x Channel","HEM1_CTV",53088,0.011905,0.007422,1.604,1.604,1.6,0.010982,0.012828,"BOOST","TTD","2026-09-15","2026-10-15"
93,"Channel=CTV AND DMA=Miami","Channel x DMA","CTV_Miami",40178,0.011698,0.007422,1.576,1.463,1.46,0.010647,0.012749,"BOOST","TTD","2026-09-15","2026-10-15"
94,"DeviceType=1 AND AuctionType=PG","DeviceType x AuctionType","1_PG",50079,0.011622,0.007422,1.566,1.566,1.57,0.010683,0.012561,"BOOST","TTD","2026-09-15","2026-10-15"
95,"Channel=Display AND AuctionType=OpenRTB","Channel x AuctionType","Display_OpenRTB",100094,0.003227,0.007422,0.435,0.435,0.44,0.002876,0.003578,"SUPPRESS","TTD","2026-09-15","2026-10-15"
96,"DayPart=LateNight AND Channel=Display","DayPart x Channel","LateNight_Display",100046,0.003229,0.007422,0.435,0.435,0.44,0.002877,0.003581,"SUPPRESS","TTD","2026-09-15","2026-10-15"
97,"DeviceType=3 AND DMA=Chicago","DeviceType x DMA","3_Chicago",20079,0.011604,0.007422,1.563,1.226,1.23,0.010123,0.013085,"BOOST","TTD","2026-09-15","2026-10-15"
98,"MatchCode=MDI1 AND Channel=CTV","Match x Channel","MDI1_CTV",40525,0.011573,0.007422,1.559,1.453,1.45,0.010532,0.012614,"BOOST","TTD","2026-09-15","2026-10-15"
99,"Channel=CTV AND DMA=Los Angeles","Channel x DMA","CTV_Los Angeles",40021,0.011569,0.007422,1.559,1.447,1.45,0.010521,0.012617,"BOOST","TTD","2026-09-15","2026-10-15"
100,"Channel=CTV AND DMA=New York","Channel x DMA","CTV_New York",40142,0.011409,0.007422,1.537,1.431,1.43,0.01037,0.012448,"BOOST","TTD","2026-09-15","2026-10-15"
101,"MatchCode=IPA1 AND Channel=Display","Match x Channel","IPA1_Display",40093,0.003442,0.007422,0.464,0.57,0.57,0.002869,0.004015,"SUPPRESS","TTD","2026-09-15","2026-10-15"
122,"Channel=Display AND DMA=Houston","Channel x DMA","Display_Houston",40011,0.004174,0.007422,0.562,0.65,0.65,0.003542,0.004806,"SUPPRESS","TTD","2026-09-15","2026-10-15"
123,"DeviceType=4 AND Channel=Display","DeviceType x Channel","4_Display",49930,0.004246,0.007422,0.572,0.573,0.57,0.003676,0.004816,"SUPPRESS","TTD","2026-09-15","2026-10-15"
124,"MatchCode=HHD2 AND Channel=Display","Match x Channel","HHD2_Display",26585,0.004251,0.007422,0.573,0.773,0.77,0.003469,0.005033,"SUPPRESS","TTD","2026-09-15","2026-10-15"
125,"Site=abcnews.com AND Channel=Display","Site x Channel","abcnews.com_Display",33362,0.004256,0.007422,0.573,0.715,0.72,0.003557,0.004955,"SUPPRESS","TTD","2026-09-15","2026-10-15"
126,"DeviceType=3 AND Channel=Mobile App","DeviceType x Channel","3_Mobile App",50253,0.010586,0.007422,1.426,1.426,1.43,0.009691,0.011481,"BOOST","TTD","2026-09-15","2026-10-15"
127,"Site=espn.com AND Channel=Video","Site x Channel","espn.com_Video",33442,0.010556,0.007422,1.422,1.282,1.28,0.009461,0.011651,"BOOST","TTD","2026-09-15","2026-10-15"
128,"DeviceType=1 AND DMA=New York","DeviceType x DMA","1_New York",19900,0.010553,0.007422,1.422,1.168,1.17,0.009133,0.011973,"BOOST","TTD","2026-09-15","2026-10-15"
129,"Site=nbcnews.com AND Channel=Display","Site x Channel","nbcnews.com_Display",33307,0.004293,0.007422,0.578,0.719,0.72,0.003591,0.004995,"SUPPRESS","TTD","2026-09-15","2026-10-15"
130,"Site=nytimes.com AND Channel=Display","Site x Channel","nytimes.com_Display",33369,0.004315,0.007422,0.581,0.721,0.72,0.003612,0.005018,"SUPPRESS","TTD","2026-09-15","2026-10-15"
131,"DeviceType=3 AND AuctionType=PMP","DeviceType x AuctionType","3_PMP",49947,0.010511,0.007422,1.416,1.416,1.42,0.009617,0.011405,"BOOST","TTD","2026-09-15","2026-10-15"
132,"MatchCode=MDH1 AND Channel=Display","Match x Channel","MDH1_Display",13108,0.004348,0.007422,0.586,0.891,0.89,0.003222,0.005474,"SUPPRESS","TTD","2026-09-15","2026-10-15"
133,"Channel=Display AND DMA=Denver","Channel x DMA","Display_Denver",40000,0.004425,0.007422,0.596,0.677,0.68,0.003775,0.005075,"SUPPRESS","TTD","2026-09-15","2026-10-15"
134,"Channel=CTV AND AuctionType=PMP","Channel x AuctionType","CTV_PMP",100199,0.010409,0.007422,1.402,1.402,1.4,0.009781,0.011037,"BOOST","TTD","2026-09-15","2026-10-15"
135,"DeviceType=7 AND Channel=Display","DeviceType x Channel","7_Display",49796,0.004458,0.007422,0.601,0.602,0.6,0.003873,0.005043,"SUPPRESS","TTD","2026-09-15","2026-10-15"
136,"Site=reuters.com AND Channel=Display","Site x Channel","reuters.com_Display",33246,0.004482,0.007422,0.604,0.737,0.74,0.003764,0.0052,"SUPPRESS","TTD","2026-09-15","2026-10-15"
137,"MatchCode=FZY4 AND Channel=Display","Match x Channel","FZY4_Display",13379,0.004485,0.007422,0.604,0.894,0.89,0.003353,0.005617,"SUPPRESS","TTD","2026-09-15","2026-10-15"
138,"MatchCode=FZY1 AND Channel=Display","Match x Channel","FZY1_Display",39831,0.004494,0.007422,0.605,0.686,0.69,0.003837,0.005151,"SUPPRESS","TTD","2026-09-15","2026-10-15"
139,"Site=usatoday.com AND Channel=Display","Site x Channel","usatoday.com_Display",33207,0.004547,0.007422,0.613,0.743,0.74,0.003823,0.005271,"SUPPRESS","TTD","2026-09-15","2026-10-15"
140,"DeviceType=7 AND AuctionType=OpenRTB","DeviceType x AuctionType","7_OpenRTB",50277,0.004555,0.007422,0.614,0.614,0.61,0.003966,0.005144,"SUPPRESS","TTD","2026-09-15","2026-10-15"
180,"DeviceType=4 AND DMA=Atlanta","DeviceType x DMA","4_Atlanta",20392,0.005198,0.007422,0.7,0.878,0.88,0.004211,0.006185,"SUPPRESS","TTD","2026-09-15","2026-10-15"
181,"Channel=Display AND DMA=New York","Channel x DMA","Display_New York",39989,0.005226,0.007422,0.704,0.763,0.76,0.004519,0.005933,"SUPPRESS","TTD","2026-09-15","2026-10-15"
182,"Channel=CTV AND DMA=Houston","Channel x DMA","CTV_Houston",40060,0.009611,0.007422,1.295,1.236,1.24,0.008656,0.010566,"BOOST","TTD","2026-09-15","2026-10-15"
183,"DeviceType=2 AND Channel=Display","DeviceType x Channel","2_Display",50228,0.005236,0.007422,0.705,0.705,0.71,0.004605,0.005867,"SUPPRESS","TTD","2026-09-15","2026-10-15"
184,"DeviceType=0 AND Channel=Mobile App","DeviceType x Channel","0_Mobile App",49841,0.005237,0.007422,0.706,0.706,0.71,0.004603,0.005871,"SUPPRESS","TTD","2026-09-15","2026-10-15"
185,"DeviceType=7 AND DMA=Atlanta","DeviceType x DMA","7_Atlanta",20199,0.005248,0.007422,0.707,0.882,0.88,0.004252,0.006244,"SUPPRESS","TTD","2026-09-15","2026-10-15"
186,"DeviceType=0 AND Channel=Video","DeviceType x Channel","0_Video",49599,0.005262,0.007422,0.709,0.711,0.71,0.004625,0.005899,"SUPPRESS","TTD","2026-09-15","2026-10-15"
187,"DeviceType=1 AND DMA=Miami","DeviceType x DMA","1_Miami",19951,0.009573,0.007422,1.29,1.116,1.12,0.008222,0.010924,"BOOST","TTD","2026-09-15","2026-10-15"
188,"DeviceType=7 AND DMA=Denver","DeviceType x DMA","7_Denver",19843,0.005292,0.007422,0.713,0.886,0.89,0.004282,0.006302,"SUPPRESS","TTD","2026-09-15","2026-10-15"
189,"DeviceType=3 AND DMA=Dallas-Ft. Worth","DeviceType x DMA","3_Dallas-Ft. Worth",20312,0.009551,0.007422,1.287,1.117,1.12,0.008213,0.010889,"BOOST","TTD","2026-09-15","2026-10-15"
190,"Channel=Mobile App AND AuctionType=PG","Channel x AuctionType","Mobile App_PG",99778,0.009531,0.007422,1.284,1.284,1.28,0.008928,0.010134,"BOOST","TTD","2026-09-15","2026-10-15"
191,"DeviceType=2 AND DMA=New York","DeviceType x DMA","2_New York",20057,0.009523,0.007422,1.283,1.114,1.11,0.008179,0.010867,"BOOST","TTD","2026-09-15","2026-10-15"
192,"MatchCode=IPA1 AND Channel=Mobile App","Match x Channel","IPA1_Mobile App",40455,0.005339,0.007422,0.719,0.773,0.77,0.004629,0.006049,"SUPPRESS","TTD","2026-09-15","2026-10-15"
193,"DeviceType=3 AND DMA=Denver","DeviceType x DMA","3_Denver",19910,0.009442,0.007422,1.272,1.108,1.11,0.008099,0.010785,"BOOST","TTD","2026-09-15","2026-10-15"
194,"Channel=CTV AND DMA=Dallas-Ft. Worth","Channel x DMA","CTV_Dallas-Ft. Worth",40250,0.009441,0.007422,1.272,1.219,1.22,0.008496,0.010386,"BOOST","TTD","2026-09-15","2026-10-15"
195,"DeviceType=0 AND AuctionType=PMP","DeviceType x AuctionType","0_PMP",50245,0.005413,0.007422,0.729,0.729,0.73,0.004771,0.006055,"SUPPRESS","TTD","2026-09-15","2026-10-15"
196,"Site=nbcnews.com AND Channel=CTV","Site x Channel","nbcnews.com_CTV",33244,0.009415,0.007422,1.268,1.179,1.18,0.008377,0.010453,"BOOST","TTD","2026-09-15","2026-10-15"
197,"MatchCode=HHD2 AND Channel=Video","Match x Channel","HHD2_Video",26282,0.005441,0.007422,0.733,0.86,0.86,0.004552,0.00633,"SUPPRESS","TTD","2026-09-15","2026-10-15"
198,"DeviceType=4 AND DMA=Phoenix","DeviceType x DMA","4_Phoenix",20169,0.005454,0.007422,0.735,0.893,0.89,0.004438,0.00647,"SUPPRESS","TTD","2026-09-15","2026-10-15"
199,"DeviceType=0 AND AuctionType=Direct","DeviceType x AuctionType","0_Direct",49642,0.005459,0.007422,0.735,0.737,0.74,0.004811,0.006107,"SUPPRESS","TTD","2026-09-15","2026-10-15"
200,"DayPart=Evening AND Channel=Video","DayPart x Channel","Evening_Video",100047,0.009386,0.007422,1.264,1.264,1.26,0.008788,0.009984,"BOOST","TTD","2026-09-15","2026-10-15"
201,"DeviceType=6 AND AuctionType=OpenRTB","DeviceType x AuctionType","6_OpenRTB",49791,0.005463,0.007422,0.736,0.737,0.74,0.004816,0.00611,"SUPPRESS","TTD","2026-09-15","2026-10-15"
202,"DeviceType=5 AND Channel=CTV","DeviceType x Channel","5_CTV",50204,0.009382,0.007422,1.264,1.264,1.26,0.008539,0.010225,"BOOST","TTD","2026-09-15","2026-10-15"
203,"DeviceType=0 AND DMA=Miami","DeviceType x DMA","0_Miami",19936,0.005467,0.007422,0.737,0.895,0.9,0.004443,0.006491,"SUPPRESS","TTD","2026-09-15","2026-10-15"
204,"MatchCode=FZY5 AND Channel=Mobile App","Match x Channel","FZY5_Mobile App",6763,0.005471,0.007422,0.737,0.964,0.96,0.003713,0.007229,"NEUTRAL","TTD","2026-09-15","2026-10-15"
205,"DeviceType=1 AND Channel=Mobile App","DeviceType x Channel","1_Mobile App",49820,0.009334,0.007422,1.257,1.257,1.26,0.00849,0.010178,"BOOST","TTD","2026-09-15","2026-10-15"
206,"DeviceType=6 AND Channel=CTV","DeviceType x Channel","6_CTV",49982,0.009323,0.007422,1.256,1.256,1.26,0.00848,0.010166,"BOOST","TTD","2026-09-15","2026-10-15"
207,"Channel=Display AND DMA=Miami","Channel x DMA","Display_Miami",39885,0.005541,0.007422,0.747,0.798,0.8,0.004812,0.00627,"SUPPRESS","TTD","2026-09-15","2026-10-15"
208,"MatchCode=IPA1 AND Channel=Video","Match x Channel","IPA1_Video",39883,0.005566,0.007422,0.75,0.801,0.8,0.004836,0.006296,"SUPPRESS","TTD","2026-09-15","2026-10-15"
209,"Channel=Video AND DMA=Phoenix","Channel x DMA","Video_Phoenix",39991,0.005576,0.007422,0.751,0.801,0.8,0.004846,0.006306,"SUPPRESS","TTD","2026-09-15","2026-10-15"
210,"MatchCode=HEM1 AND Channel=Mobile App","Match x Channel","HEM1_Mobile App",52879,0.009266,0.007422,1.248,1.248,1.25,0.008449,0.010083,"BOOST","TTD","2026-09-15","2026-10-15"
211,"Site=nytimes.com AND Channel=Video","Site x Channel","nytimes.com_Video",33138,0.005583,0.007422,0.752,0.836,0.84,0.004781,0.006385,"SUPPRESS","TTD","2026-09-15","2026-10-15"
212,"DeviceType=2 AND DMA=Phoenix","DeviceType x DMA","2_Phoenix",19864,0.005588,0.007422,0.753,0.902,0.9,0.004551,0.006625,"NEUTRAL","TTD","2026-09-15","2026-10-15"
213,"Site=huffpost.com AND Channel=CTV","Site x Channel","huffpost.com_CTV",33095,0.009216,0.007422,1.242,1.16,1.16,0.008186,0.010246,"BOOST","TTD","2026-09-15","2026-10-15"
214,"Site=foxnews.com AND Channel=CTV","Site x Channel","foxnews.com_CTV",33541,0.009213,0.007422,1.241,1.162,1.16,0.008191,0.010235,"BOOST","TTD","2026-09-15","2026-10-15"
215,"DeviceType=1 AND Channel=Display","DeviceType x Channel","1_Display",49863,0.005635,0.007422,0.759,0.76,0.76,0.004978,0.006292,"SUPPRESS","TTD","2026-09-15","2026-10-15"
216,"MatchCode=MDH1 AND Channel=CTV","Match x Channel","MDH1_CTV",13370,0.0092,0.007422,1.239,1.064,1.06,0.007582,0.010818,"NEUTRAL","TTD","2026-09-15","2026-10-15"
217,"Channel=Mobile App AND AuctionType=OpenRTB","Channel x AuctionType","Mobile App_OpenRTB",99742,0.005675,0.007422,0.765,0.765,0.77,0.005209,0.006141,"SUPPRESS","TTD","2026-09-15","2026-10-15"
218,"Channel=Video AND AuctionType=PG","Channel x AuctionType","Video_PG",99667,0.009161,0.007422,1.234,1.234,1.23,0.00857,0.009752,"BOOST","TTD","2026-09-15","2026-10-15"
219,"DeviceType=0 AND DMA=Houston","DeviceType x DMA","0_Houston",20024,0.005693,0.007422,0.767,0.907,0.91,0.004651,0.006735,"NEUTRAL","TTD","2026-09-15","2026-10-15"
220,"DeviceType=4 AND DMA=Dallas-Ft. Worth","DeviceType x DMA","4_Dallas-Ft. Worth",20010,0.005697,0.007422,0.768,0.907,0.91,0.004654,0.00674,"NEUTRAL","TTD","2026-09-15","2026-10-15"
221,"DeviceType=0 AND DMA=Atlanta","DeviceType x DMA","0_Atlanta",19999,0.0057,0.007422,0.768,0.907,0.91,0.004657,0.006743,"NEUTRAL","TTD","2026-09-15","2026-10-15"
222,"DeviceType=5 AND DMA=Phoenix","DeviceType x DMA","5_Phoenix",19974,0.005707,0.007422,0.769,0.908,0.91,0.004662,0.006752,"NEUTRAL","TTD","2026-09-15","2026-10-15"
223,"MatchCode=FZY1 AND Channel=CTV","Match x Channel","FZY1_CTV",40286,0.00911,0.007422,1.227,1.183,1.18,0.008182,0.010038,"BOOST","TTD","2026-09-15","2026-10-15"
224,"MatchCode=HHD1 AND Channel=Video","Match x Channel","HHD1_Video",40246,0.005765,0.007422,0.777,0.82,0.82,0.005025,0.006505,"SUPPRESS","TTD","2026-09-15","2026-10-15"
225,"MatchCode=FZY3 AND Channel=Mobile App","Match x Channel","FZY3_Mobile App",20290,0.005766,0.007422,0.777,0.909,0.91,0.004724,0.006808,"NEUTRAL","TTD","2026-09-15","2026-10-15"
226,"Channel=Mobile App AND DMA=New York","Channel x DMA","Mobile App_New York",39889,0.00905,0.007422,1.219,1.175,1.18,0.008121,0.009979,"BOOST","TTD","2026-09-15","2026-10-15"
227,"DeviceType=2 AND AuctionType=OpenRTB","DeviceType x AuctionType","2_OpenRTB",50125,0.005805,0.007422,0.782,0.782,0.78,0.00514,0.00647,"SUPPRESS","TTD","2026-09-15","2026-10-15"
228,"DeviceType=1 AND AuctionType=OpenRTB","DeviceType x AuctionType","1_OpenRTB",50040,0.005835,0.007422,0.786,0.786,0.79,0.005168,0.006502,"SUPPRESS","TTD","2026-09-15","2026-10-15"
229,"DeviceType=4 AND Channel=Video","DeviceType x Channel","4_Video",50308,0.005844,0.007422,0.787,0.787,0.79,0.005178,0.00651,"SUPPRESS","TTD","2026-09-15","2026-10-15"
230,"MatchCode=EXCT AND Channel=Video","Match x Channel","EXCT_Video",79507,0.008993,0.007422,1.212,1.212,1.21,0.008337,0.009649,"BOOST","TTD","2026-09-15","2026-10-15"
231,"MatchCode=HHD2 AND Channel=CTV","Match x Channel","HHD2_CTV",26689,0.008992,0.007422,1.212,1.113,1.11,0.007859,0.010125,"BOOST","TTD","2026-09-15","2026-10-15"
232,"DeviceType=3 AND DMA=Phoenix","DeviceType x DMA","3_Phoenix",20158,0.008979,0.007422,1.21,1.085,1.09,0.007677,0.010281,"NEUTRAL","TTD","2026-09-15","2026-10-15"
233,"Site=weather.com AND Channel=Video","Site x Channel","weather.com_Video",32980,0.008975,0.007422,1.209,1.138,1.14,0.007957,0.009993,"BOOST","TTD","2026-09-15","2026-10-15"
234,"Channel=Display AND DMA=Los Angeles","Channel x DMA","Display_Los Angeles",39974,0.005879,0.007422,0.792,0.834,0.83,0.00513,0.006628,"SUPPRESS","TTD","2026-09-15","2026-10-15"
235,"Site=weather.com AND Channel=Display","Site x Channel","weather.com_Display",33499,0.005881,0.007422,0.792,0.861,0.86,0.005062,0.0067,"SUPPRESS","TTD","2026-09-15","2026-10-15"
236,"DeviceType=0 AND DMA=New York","DeviceType x DMA","0_New York",19869,0.005889,0.007422,0.793,0.918,0.92,0.004825,0.006953,"NEUTRAL","TTD","2026-09-15","2026-10-15"
237,"Site=cnn.com AND Channel=CTV","Site x Channel","cnn.com_CTV",33634,0.008949,0.007422,1.206,1.138,1.14,0.007943,0.009955,"BOOST","TTD","2026-09-15","2026-10-15"
238,"DeviceType=1 AND DMA=Chicago","DeviceType x DMA","1_Chicago",19890,0.008949,0.007422,1.206,1.082,1.08,0.00764,0.010258,"NEUTRAL","TTD","2026-09-15","2026-10-15"
1,"DeviceType=3","DeviceType","3",200292,0.010619,0.007422,1.431,1.431,1.43,0.01017,0.011068,"BOOST","TTD","2026-09-15","2026-10-15"
2,"Site=espn.com","Site","espn.com",133781,0.01045,0.007422,1.408,1.408,1.41,0.009905,0.010995,"BOOST","TTD","2026-09-15","2026-10-15"
3,"Channel=CTV","Channel","CTV",400860,0.010106,0.007422,1.362,1.362,1.36,0.009796,0.010416,"BOOST","TTD","2026-09-15","2026-10-15"
4,"Channel=Display","Channel","Display",399603,0.00477,0.007422,0.643,0.643,0.64,0.004556,0.004984,"SUPPRESS","TTD","2026-09-15","2026-10-15"
5,"DayPart=LateNight","DayPart","LateNight",400880,0.005004,0.007422,0.674,0.674,0.67,0.004786,0.005222,"SUPPRESS","TTD","2026-09-15","2026-10-15"
37,"MatchCode=MDI1","MatchCode","MDI1",162008,0.008179,0.007422,1.102,1.102,1.1,0.00774,0.008618,"BOOST","TTD","2026-09-15","2026-10-15"
38,"MatchCode=MDH1","MatchCode","MDH1",52715,0.006677,0.007422,0.9,0.9,0.9,0.005982,0.007372,"SUPPRESS","TTD","2026-09-15","2026-10-15"
39,"DMA=Los Angeles","DMA","Los Angeles",159977,0.008157,0.007422,1.099,1.099,1.1,0.007716,0.008598,"NEUTRAL","TTD","2026-09-15","2026-10-15"
40,"DeviceType=2","DeviceType","2",200244,0.00815,0.007422,1.098,1.098,1.1,0.007756,0.008544,"NEUTRAL","TTD","2026-09-15","2026-10-15"
41,"MatchCode=FZY1","MatchCode","FZY1",160334,0.006755,0.007422,0.91,0.91,0.91,0.006354,0.007156,"NEUTRAL","TTD","2026-09-15","2026-10-15"
32,"Connection=Ethernet","Connection","Ethernet",399585,0.006519,0.007422,0.878,0.878,0.88,0.006269,0.006769,"SUPPRESS","TTD","2026-09-15","2026-10-15"
33,"DeviceType=5","DeviceType","5",199549,0.00656,0.007422,0.884,0.884,0.88,0.006206,0.006914,"SUPPRESS","TTD","2026-09-15","2026-10-15"
34,"MatchCode=FZY4","MatchCode","FZY4",52956,0.00659,0.007422,0.888,0.888,0.89,0.005901,0.007279,"SUPPRESS","TTD","2026-09-15","2026-10-15"
35,"Site=cnn.com","Site","cnn.com",133325,0.006623,0.007422,0.892,0.892,0.89,0.006188,0.007058,"SUPPRESS","TTD","2026-09-15","2026-10-15"
36,"Connection=WiFi","Connection","WiFi",400343,0.008203,0.007422,1.105,1.105,1.11,0.007924,0.008482,"BOOST","TTD","2026-09-15","2026-10-15"
27,"DMA=Miami","DMA","Miami",159953,0.008509,0.007422,1.146,1.146,1.15,0.008059,0.008959,"BOOST","TTD","2026-09-15","2026-10-15"
28,"DMA=Phoenix","DMA","Phoenix",159985,0.006363,0.007422,0.857,0.857,0.86,0.005973,0.006753,"SUPPRESS","TTD","2026-09-15","2026-10-15"
29,"MatchCode=HHD2","MatchCode","HHD2",105727,0.006422,0.007422,0.865,0.865,0.87,0.00594,0.006904,"SUPPRESS","TTD","2026-09-15","2026-10-15"
30,"DeviceType=7","DeviceType","7",200367,0.006488,0.007422,0.874,0.874,0.87,0.006136,0.00684,"SUPPRESS","TTD","2026-09-15","2026-10-15"
31,"Genre=Entertainment","Genre","Entertainment",200250,0.008345,0.007422,1.124,1.124,1.12,0.007947,0.008743,"BOOST","TTD","2026-09-15","2026-10-15"
6,"DayPart=Evening","DayPart","Evening",400416,0.009525,0.007422,1.283,1.283,1.28,0.009224,0.009826,"BOOST","TTD","2026-09-15","2026-10-15"
7,"AuctionType=OpenRTB","AuctionType","OpenRTB",399986,0.00532,0.007422,0.717,0.717,0.72,0.005095,0.005545,"SUPPRESS","TTD","2026-09-15","2026-10-15"
8,"MatchCode=IPA1","MatchCode","IPA1",160411,0.00533,0.007422,0.718,0.718,0.72,0.004974,0.005686,"SUPPRESS","TTD","2026-09-15","2026-10-15"
9,"MatchCode=EXCT","MatchCode","EXCT",317901,0.009481,0.007422,1.277,1.277,1.28,0.009144,0.009818,"BOOST","TTD","2026-09-15","2026-10-15"
10,"DeviceType=0","DeviceType","0",199646,0.00541,0.007422,0.729,0.729,0.73,0.005088,0.005732,"SUPPRESS","TTD","2026-09-15","2026-10-15"
11,"AuctionType=PG","AuctionType","PG",399549,0.009378,0.007422,1.263,1.263,1.26,0.009079,0.009677,"BOOST","TTD","2026-09-15","2026-10-15"
22,"Site=weather.com","Site","weather.com",133337,0.00858,0.007422,1.156,1.156,1.16,0.008085,0.009075,"BOOST","TTD","2026-09-15","2026-10-15"
23,"Site=nytimes.com","Site","nytimes.com",133482,0.006293,0.007422,0.848,0.848,0.85,0.005869,0.006717,"SUPPRESS","TTD","2026-09-15","2026-10-15"
24,"DMA=New York","DMA","New York",159799,0.008548,0.007422,1.152,1.152,1.15,0.008097,0.008999,"BOOST","TTD","2026-09-15","2026-10-15"
25,"MatchCode=FZY2","MatchCode","FZY2",107642,0.006299,0.007422,0.849,0.849,0.85,0.005826,0.006772,"SUPPRESS","TTD","2026-09-15","2026-10-15"
26,"DMA=Denver","DMA","Denver",159101,0.006336,0.007422,0.854,0.854,0.85,0.005946,0.006726,"SUPPRESS","TTD","2026-09-15","2026-10-15"
17,"MatchCode=FZY5","MatchCode","FZY5",26900,0.005985,0.007422,0.806,0.896,0.9,0.005063,0.006907,"SUPPRESS","TTD","2026-09-15","2026-10-15"
18,"Genre=News","Genre","News",199909,0.006003,0.007422,0.809,0.809,0.81,0.005664,0.006342,"SUPPRESS","TTD","2026-09-15","2026-10-15"
19,"MatchCode=FZY3","MatchCode","FZY3",80787,0.00609,0.007422,0.821,0.821,0.82,0.005554,0.006626,"SUPPRESS","TTD","2026-09-15","2026-10-15"
20,"MatchCode=HHD1","MatchCode","HHD1",161355,0.006198,0.007422,0.835,0.835,0.84,0.005815,0.006581,"SUPPRESS","TTD","2026-09-15","2026-10-15"
21,"DeviceType=4","DeviceType","4",200452,0.006246,0.007422,0.841,0.841,0.84,0.005901,0.006591,"SUPPRESS","TTD","2026-09-15","2026-10-15"
12,"Genre=Lifestyle","Genre","Lifestyle",201002,0.009149,0.007422,1.233,1.233,1.23,0.008733,0.009565,"BOOST","TTD","2026-09-15","2026-10-15"
13,"Genre=Business","Genre","Business",200326,0.005761,0.007422,0.776,0.776,0.78,0.00543,0.006092,"SUPPRESS","TTD","2026-09-15","2026-10-15"
14,"Genre=Sports","Genre","Sports",199455,0.00906,0.007422,1.221,1.221,1.22,0.008644,0.009476,"BOOST","TTD","2026-09-15","2026-10-15"
15,"DeviceType=1","DeviceType","1",199783,0.00897,0.007422,1.208,1.208,1.21,0.008557,0.009383,"BOOST","TTD","2026-09-15","2026-10-15"
16,"MatchCode=HEM1","MatchCode","HEM1",211691,0.008933,0.007422,1.203,1.203,1.2,0.008532,0.009334,"BOOST","TTD","2026-09-15","2026-10-15"
317,"DeviceType=6 AND DMA=Dallas-Ft. Worth","DeviceType x DMA","6_Dallas-Ft. Worth",19884,0.006739,0.007422,0.908,0.963,0.96,0.005602,0.007876,"NEUTRAL","TTD","2026-09-15","2026-10-15"
318,"Channel=Mobile App AND DMA=Phoenix","Channel x DMA","Mobile App_Phoenix",40264,0.006755,0.007422,0.91,0.928,0.93,0.005955,0.007555,"NEUTRAL","TTD","2026-09-15","2026-10-15"
319,"Channel=Mobile App AND DMA=Philadelphia","Channel x DMA","Mobile App_Philadelphia",39952,0.006758,0.007422,0.911,0.928,0.93,0.005955,0.007561,"NEUTRAL","TTD","2026-09-15","2026-10-15"
320,"Site=weather.com AND Channel=Mobile App","Site x Channel","weather.com_Mobile App",33145,0.008086,0.007422,1.089,1.059,1.06,0.007122,0.00905,"NEUTRAL","TTD","2026-09-15","2026-10-15"
321,"MatchCode=FZY2 AND Channel=CTV","Match x Channel","FZY2_CTV",26923,0.00806,0.007422,1.086,1.046,1.05,0.006992,0.009128,"NEUTRAL","TTD","2026-09-15","2026-10-15"
322,"Channel=Mobile App AND AuctionType=PMP","Channel x AuctionType","Mobile App_PMP",100356,0.008031,0.007422,1.082,1.082,1.08,0.007479,0.008583,"NEUTRAL","TTD","2026-09-15","2026-10-15"
323,"DeviceType=2 AND DMA=Chicago","DeviceType x DMA","2_Chicago",20184,0.008026,0.007422,1.081,1.033,1.03,0.006795,0.009257,"NEUTRAL","TTD","2026-09-15","2026-10-15"
324,"MatchCode=FZY5 AND Channel=CTV","Match x Channel","FZY5_CTV",6746,0.006819,0.007422,0.919,0.989,0.99,0.004855,0.008783,"NEUTRAL","TTD","2026-09-15","2026-10-15"
325,"DeviceType=7 AND DMA=Chicago","DeviceType x DMA","7_Chicago",20078,0.006823,0.007422,0.919,0.968,0.97,0.005684,0.007962,"NEUTRAL","TTD","2026-09-15","2026-10-15"
326,"Site=cnn.com AND Channel=Mobile App","Site x Channel","cnn.com_Mobile App",33114,0.006825,0.007422,0.92,0.947,0.95,0.005938,0.007712,"NEUTRAL","TTD","2026-09-15","2026-10-15"
327,"MatchCode=FZY5 AND Channel=Video","Match x Channel","FZY5_Video",6724,0.006841,0.007422,0.922,0.989,0.99,0.004871,0.008811,"NEUTRAL","TTD","2026-09-15","2026-10-15"
328,"Channel=Mobile App AND DMA=Dallas-Ft. Worth","Channel x DMA","Mobile App_Dallas-Ft. Worth",40015,0.007997,0.007422,1.077,1.062,1.06,0.007124,0.00887,"NEUTRAL","TTD","2026-09-15","2026-10-15"
329,"DeviceType=6 AND DMA=New York","DeviceType x DMA","6_New York",20133,0.007997,0.007422,1.077,1.031,1.03,0.006767,0.009227,"NEUTRAL","TTD","2026-09-15","2026-10-15"
330,"DeviceType=6 AND Channel=Mobile App","DeviceType x Channel","6_Mobile App",50211,0.006851,0.007422,0.923,0.923,0.92,0.006129,0.007573,"NEUTRAL","TTD","2026-09-15","2026-10-15"
331,"DeviceType=5 AND DMA=Philadelphia","DeviceType x DMA","5_Philadelphia",19975,0.006859,0.007422,0.924,0.97,0.97,0.005714,0.008004,"NEUTRAL","TTD","2026-09-15","2026-10-15"
332,"MatchCode=MDI1 AND Channel=Mobile App","Match x Channel","MDI1_Mobile App",40222,0.007981,0.007422,1.075,1.061,1.06,0.007111,0.008851,"NEUTRAL","TTD","2026-09-15","2026-10-15"
333,"Channel=Mobile App AND DMA=Chicago","Channel x DMA","Mobile App_Chicago",39897,0.007971,0.007422,1.074,1.059,1.06,0.007098,0.008844,"NEUTRAL","TTD","2026-09-15","2026-10-15"
334,"DeviceType=0 AND AuctionType=PG","DeviceType x AuctionType","0_PG",50004,0.006879,0.007422,0.927,0.927,0.93,0.006155,0.007603,"NEUTRAL","TTD","2026-09-15","2026-10-15"
335,"DeviceType=5 AND DMA=Los Angeles","DeviceType x DMA","5_Los Angeles",19893,0.006887,0.007422,0.928,0.971,0.97,0.005738,0.008036,"NEUTRAL","TTD","2026-09-15","2026-10-15"
297,"DeviceType=7 AND Channel=Video","DeviceType x Channel","7_Video",50225,0.006531,0.007422,0.88,0.88,0.88,0.005827,0.007235,"SUPPRESS","TTD","2026-09-15","2026-10-15"
298,"DeviceType=6 AND DMA=Chicago","DeviceType x DMA","6_Chicago",19843,0.006551,0.007422,0.883,0.953,0.95,0.005429,0.007673,"NEUTRAL","TTD","2026-09-15","2026-10-15"
299,"DeviceType=4 AND Channel=CTV","DeviceType x Channel","4_CTV",50105,0.008283,0.007422,1.116,1.116,1.12,0.007489,0.009077,"BOOST","TTD","2026-09-15","2026-10-15"
300,"DeviceType=7 AND Channel=Mobile App","DeviceType x Channel","7_Mobile App",50236,0.006569,0.007422,0.885,0.885,0.89,0.005863,0.007275,"SUPPRESS","TTD","2026-09-15","2026-10-15"
301,"DeviceType=7 AND AuctionType=Direct","DeviceType x AuctionType","7_Direct",50312,0.006579,0.007422,0.886,0.886,0.89,0.005873,0.007285,"SUPPRESS","TTD","2026-09-15","2026-10-15"
302,"DayPart=Morning AND Channel=Mobile App","DayPart x Channel","Morning_Mobile App",100108,0.008261,0.007422,1.113,1.113,1.11,0.0077,0.008822,"BOOST","TTD","2026-09-15","2026-10-15"
303,"DeviceType=2 AND DMA=Houston","DeviceType x DMA","2_Houston",19854,0.00826,0.007422,1.113,1.045,1.05,0.007001,0.009519,"NEUTRAL","TTD","2026-09-15","2026-10-15"
304,"MatchCode=MDH1 AND Channel=Mobile App","Match x Channel","MDH1_Mobile App",13024,0.006603,0.007422,0.89,0.971,0.97,0.005212,0.007994,"NEUTRAL","TTD","2026-09-15","2026-10-15"
305,"DeviceType=4 AND Channel=Mobile App","DeviceType x Channel","4_Mobile App",50109,0.006606,0.007422,0.89,0.89,0.89,0.005897,0.007315,"SUPPRESS","TTD","2026-09-15","2026-10-15"
306,"MatchCode=MDI1 AND Channel=Video","Match x Channel","MDI1_Video",40742,0.008222,0.007422,1.108,1.088,1.09,0.007345,0.009099,"NEUTRAL","TTD","2026-09-15","2026-10-15"
307,"Site=cnn.com AND Channel=Video","Site x Channel","cnn.com_Video",33355,0.006626,0.007422,0.893,0.928,0.93,0.005755,0.007497,"NEUTRAL","TTD","2026-09-15","2026-10-15"
308,"Channel=Video AND DMA=Miami","Channel x DMA","Video_Miami",39879,0.0082,0.007422,1.105,1.084,1.08,0.007315,0.009085,"NEUTRAL","TTD","2026-09-15","2026-10-15"
309,"DeviceType=1 AND DMA=Phoenix","DeviceType x DMA","1_Phoenix",20008,0.008197,0.007422,1.104,1.042,1.04,0.006948,0.009446,"NEUTRAL","TTD","2026-09-15","2026-10-15"
310,"DeviceType=6 AND DMA=Philadelphia","DeviceType x DMA","6_Philadelphia",19974,0.006659,0.007422,0.897,0.959,0.96,0.005531,0.007787,"NEUTRAL","TTD","2026-09-15","2026-10-15"
311,"DeviceType=6 AND DMA=Atlanta","DeviceType x DMA","6_Atlanta",20105,0.006665,0.007422,0.898,0.959,0.96,0.00554,0.00779,"NEUTRAL","TTD","2026-09-15","2026-10-15"
312,"DeviceType=1 AND DMA=Denver","DeviceType x DMA","1_Denver",20055,0.008178,0.007422,1.102,1.041,1.04,0.006932,0.009424,"NEUTRAL","TTD","2026-09-15","2026-10-15"
313,"DeviceType=7 AND DMA=Miami","DeviceType x DMA","7_Miami",20205,0.008166,0.007422,1.1,1.041,1.04,0.006925,0.009407,"NEUTRAL","TTD","2026-09-15","2026-10-15"
314,"DeviceType=1 AND DMA=Houston","DeviceType x DMA","1_Houston",19859,0.008158,0.007422,1.099,1.039,1.04,0.006907,0.009409,"NEUTRAL","TTD","2026-09-15","2026-10-15"
315,"DeviceType=1 AND DMA=Atlanta","DeviceType x DMA","1_Atlanta",20156,0.008137,0.007422,1.096,1.039,1.04,0.006897,0.009377,"NEUTRAL","TTD","2026-09-15","2026-10-15"
316,"DeviceType=5 AND Channel=Mobile App","DeviceType x Channel","5_Mobile App",49633,0.006729,0.007422,0.907,0.907,0.91,0.00601,0.007448,"NEUTRAL","TTD","2026-09-15","2026-10-15"
375,"Channel=Mobile App AND DMA=Houston","Channel x DMA","Mobile App_Houston",39806,0.007687,0.007422,1.036,1.028,1.03,0.006829,0.008545,"NEUTRAL","TTD","2026-09-15","2026-10-15"
376,"DeviceType=4 AND DMA=Miami","DeviceType x DMA","4_Miami",19977,0.007158,0.007422,0.964,0.986,0.99,0.005989,0.008327,"NEUTRAL","TTD","2026-09-15","2026-10-15"
377,"DayPart=Morning AND Channel=Video","DayPart x Channel","Morning_Video",100080,0.007684,0.007422,1.035,1.035,1.03,0.007143,0.008225,"NEUTRAL","TTD","2026-09-15","2026-10-15"
378,"Channel=Video AND DMA=Houston","Channel x DMA","Video_Houston",39910,0.007166,0.007422,0.965,0.972,0.97,0.006338,0.007994,"NEUTRAL","TTD","2026-09-15","2026-10-15"
379,"Channel=Video AND DMA=Dallas-Ft. Worth","Channel x DMA","Video_Dallas-Ft. Worth",40265,0.007674,0.007422,1.034,1.027,1.03,0.006822,0.008526,"NEUTRAL","TTD","2026-09-15","2026-10-15"
380,"Site=huffpost.com AND Channel=Mobile App","Site x Channel","huffpost.com_Mobile App",33326,0.007652,0.007422,1.031,1.021,1.02,0.006716,0.008588,"NEUTRAL","TTD","2026-09-15","2026-10-15"
381,"Site=bbc.com AND Channel=Video","Site x Channel","bbc.com_Video",32994,0.007213,0.007422,0.972,0.981,0.98,0.0063,0.008126,"NEUTRAL","TTD","2026-09-15","2026-10-15"
382,"DeviceType=4 AND DMA=New York","DeviceType x DMA","4_New York",20032,0.007238,0.007422,0.975,0.99,0.99,0.006064,0.008412,"NEUTRAL","TTD","2026-09-15","2026-10-15"
383,"Site=usatoday.com AND Channel=Mobile App","Site x Channel","usatoday.com_Mobile App",33327,0.007261,0.007422,0.978,0.986,0.99,0.006349,0.008173,"NEUTRAL","TTD","2026-09-15","2026-10-15"
384,"DeviceType=5 AND DMA=Miami","DeviceType x DMA","5_Miami",19886,0.007292,0.007422,0.982,0.993,0.99,0.006109,0.008475,"NEUTRAL","TTD","2026-09-15","2026-10-15"
385,"Channel=Video AND DMA=Philadelphia","Channel x DMA","Video_Philadelphia",39764,0.007545,0.007422,1.016,1.013,1.01,0.006694,0.008396,"NEUTRAL","TTD","2026-09-15","2026-10-15"
386,"DeviceType=6 AND AuctionType=PMP","DeviceType x AuctionType","6_PMP",50151,0.007318,0.007422,0.986,0.986,0.99,0.006572,0.008064,"NEUTRAL","TTD","2026-09-15","2026-10-15"
387,"DeviceType=3 AND AuctionType=OpenRTB","DeviceType x AuctionType","3_OpenRTB",49882,0.007518,0.007422,1.013,1.013,1.01,0.00676,0.008276,"NEUTRAL","TTD","2026-09-15","2026-10-15"
388,"DeviceType=0 AND Channel=CTV","DeviceType x Channel","0_CTV",50345,0.007329,0.007422,0.987,0.987,0.99,0.006584,0.008074,"NEUTRAL","TTD","2026-09-15","2026-10-15"
389,"Channel=Video AND AuctionType=Direct","Channel x AuctionType","Video_Direct",100101,0.007333,0.007422,0.988,0.988,0.99,0.006804,0.007862,"NEUTRAL","TTD","2026-09-15","2026-10-15"
390,"Site=bbc.com AND Channel=Mobile App","Site x Channel","bbc.com_Mobile App",33221,0.007375,0.007422,0.994,0.996,1,0.006455,0.008295,"NEUTRAL","TTD","2026-09-15","2026-10-15"
391,"Channel=Video AND DMA=Los Angeles","Channel x DMA","Video_Los Angeles",40099,0.007382,0.007422,0.995,0.996,1,0.006544,0.00822,"NEUTRAL","TTD","2026-09-15","2026-10-15"
392,"Channel=CTV AND AuctionType=OpenRTB","Channel x AuctionType","CTV_OpenRTB",99982,0.007441,0.007422,1.003,1.003,1,0.006908,0.007974,"NEUTRAL","TTD","2026-09-15","2026-10-15"
393,"DayPart=Afternoon AND Channel=Mobile App","DayPart x Channel","Afternoon_Mobile App",99940,0.007404,0.007422,0.998,0.998,1,0.006872,0.007936,"NEUTRAL","TTD","2026-09-15","2026-10-15"
394,"Channel=Video AND AuctionType=PMP","Channel x AuctionType","Video_PMP",100092,0.007433,0.007422,1.001,1.001,1,0.006901,0.007965,"NEUTRAL","TTD","2026-09-15","2026-10-15"
258,"DeviceType=2 AND DMA=Dallas-Ft. Worth","DeviceType x DMA","2_Dallas-Ft. Worth",20317,0.008712,0.007422,1.174,1.071,1.07,0.007434,0.00999,"NEUTRAL","TTD","2026-09-15","2026-10-15"
259,"Site=reuters.com AND Channel=Video","Site x Channel","reuters.com_Video",33412,0.006136,0.007422,0.827,0.884,0.88,0.005299,0.006973,"SUPPRESS","TTD","2026-09-15","2026-10-15"
260,"DayPart=Evening AND Channel=Display","DayPart x Channel","Evening_Display",100036,0.006148,0.007422,0.828,0.828,0.83,0.005664,0.006632,"SUPPRESS","TTD","2026-09-15","2026-10-15"
261,"MatchCode=FZY4 AND Channel=CTV","Match x Channel","FZY4_CTV",13224,0.008696,0.007422,1.172,1.045,1.05,0.007114,0.010278,"NEUTRAL","TTD","2026-09-15","2026-10-15"
262,"DeviceType=2 AND AuctionType=Direct","DeviceType x AuctionType","2_Direct",50031,0.008695,0.007422,1.171,1.171,1.17,0.007881,0.009509,"BOOST","TTD","2026-09-15","2026-10-15"
263,"DeviceType=5 AND AuctionType=Direct","DeviceType x AuctionType","5_Direct",49829,0.006161,0.007422,0.83,0.831,0.83,0.005474,0.006848,"SUPPRESS","TTD","2026-09-15","2026-10-15"
264,"DeviceType=6 AND DMA=Phoenix","DeviceType x DMA","6_Phoenix",20098,0.00617,0.007422,0.831,0.932,0.93,0.005087,0.007253,"NEUTRAL","TTD","2026-09-15","2026-10-15"
265,"DeviceType=4 AND DMA=Houston","DeviceType x DMA","4_Houston",19903,0.00618,0.007422,0.833,0.933,0.93,0.005091,0.007269,"NEUTRAL","TTD","2026-09-15","2026-10-15"
266,"MatchCode=HHD1 AND Channel=Mobile App","Match x Channel","HHD1_Mobile App",40216,0.006216,0.007422,0.838,0.869,0.87,0.005448,0.006984,"SUPPRESS","TTD","2026-09-15","2026-10-15"
267,"Channel=CTV AND DMA=Denver","Channel x DMA","CTV_Denver",39791,0.008595,0.007422,1.158,1.126,1.13,0.007688,0.009502,"BOOST","TTD","2026-09-15","2026-10-15"
268,"Channel=Display AND AuctionType=PG","Channel x AuctionType","Display_PG",99814,0.006252,0.007422,0.842,0.842,0.84,0.005763,0.006741,"SUPPRESS","TTD","2026-09-15","2026-10-15"
269,"Channel=Mobile App AND DMA=Miami","Channel x DMA","Mobile App_Miami",40011,0.008573,0.007422,1.155,1.124,1.12,0.00767,0.009476,"BOOST","TTD","2026-09-15","2026-10-15"
270,"DeviceType=6 AND DMA=Houston","DeviceType x DMA","6_Houston",20243,0.006274,0.007422,0.845,0.937,0.94,0.005186,0.007362,"NEUTRAL","TTD","2026-09-15","2026-10-15"
271,"MatchCode=FZY4 AND Channel=Video","Match x Channel","FZY4_Video",13210,0.006283,0.007422,0.847,0.959,0.96,0.004936,0.00763,"NEUTRAL","TTD","2026-09-15","2026-10-15"
272,"Channel=Mobile App AND DMA=Denver","Channel x DMA","Mobile App_Denver",39699,0.006297,0.007422,0.848,0.88,0.88,0.005519,0.007075,"SUPPRESS","TTD","2026-09-15","2026-10-15"
273,"DeviceType=1 AND DMA=Dallas-Ft. Worth","DeviceType x DMA","1_Dallas-Ft. Worth",19937,0.008527,0.007422,1.149,1.059,1.06,0.007251,0.009803,"NEUTRAL","TTD","2026-09-15","2026-10-15"
274,"Channel=Video AND DMA=New York","Channel x DMA","Video_New York",39779,0.008497,0.007422,1.145,1.115,1.12,0.007595,0.009399,"BOOST","TTD","2026-09-15","2026-10-15"
275,"DeviceType=4 AND DMA=Philadelphia","DeviceType x DMA","4_Philadelphia",20001,0.00635,0.007422,0.855,0.942,0.94,0.005249,0.007451,"NEUTRAL","TTD","2026-09-15","2026-10-15"
276,"DeviceType=1 AND AuctionType=Direct","DeviceType x AuctionType","1_Direct",49619,0.008485,0.007422,1.143,1.142,1.14,0.007678,0.009292,"BOOST","TTD","2026-09-15","2026-10-15"
277,"DeviceType=0 AND DMA=Los Angeles","DeviceType x DMA","0_Los Angeles",19951,0.006366,0.007422,0.858,0.943,0.94,0.005262,0.00747,"NEUTRAL","TTD","2026-09-15","2026-10-15"
47,"Site=bbc.com","Site","bbc.com",132848,0.007053,0.007422,0.95,0.95,0.95,0.006603,0.007503,"NEUTRAL","TTD","2026-09-15","2026-10-15"
48,"Genre=Health","Genre","Health",200359,0.007786,0.007422,1.049,1.049,1.05,0.007401,0.008171,"NEUTRAL","TTD","2026-09-15","2026-10-15"
49,"Genre=Technology","Genre","Technology",199820,0.007106,0.007422,0.957,0.957,0.96,0.006738,0.007474,"NEUTRAL","TTD","2026-09-15","2026-10-15"
50,"Region=NY","Region","NY",160166,0.007723,0.007422,1.041,1.041,1.04,0.007294,0.008152,"NEUTRAL","TTD","2026-09-15","2026-10-15"
51,"Site=huffpost.com","Site","huffpost.com",133279,0.007135,0.007422,0.961,0.961,0.96,0.006683,0.007587,"NEUTRAL","TTD","2026-09-15","2026-10-15"
52,"DMA=Chicago","DMA","Chicago",160377,0.007701,0.007422,1.037,1.037,1.04,0.007273,0.008129,"NEUTRAL","TTD","2026-09-15","2026-10-15"
42,"DayPart=Morning","DayPart","Morning",400097,0.007943,0.007422,1.07,1.07,1.07,0.007668,0.008218,"NEUTRAL","TTD","2026-09-15","2026-10-15"
43,"Site=reuters.com","Site","reuters.com",133587,0.006924,0.007422,0.933,0.933,0.93,0.006479,0.007369,"NEUTRAL","TTD","2026-09-15","2026-10-15"
44,"DeviceType=6","DeviceType","6",200094,0.006932,0.007422,0.934,0.934,0.93,0.006568,0.007296,"NEUTRAL","TTD","2026-09-15","2026-10-15"
45,"DMA=Atlanta","DMA","Atlanta",161001,0.006944,0.007422,0.936,0.936,0.94,0.006538,0.00735,"NEUTRAL","TTD","2026-09-15","2026-10-15"
46,"Site=washingtonpost.com","Site","washingtonpost.com",133507,0.007011,0.007422,0.945,0.945,0.95,0.006563,0.007459,"NEUTRAL","TTD","2026-09-15","2026-10-15"
57,"SSP=Magnite","SSP","Magnite",199908,0.007173,0.007422,0.966,0.966,0.97,0.006803,0.007543,"NEUTRAL","TTD","2026-09-15","2026-10-15"
58,"SSP=SpotX","SSP","SpotX",199793,0.007207,0.007422,0.971,0.971,0.97,0.006836,0.007578,"NEUTRAL","TTD","2026-09-15","2026-10-15"
59,"DMA=Philadelphia","DMA","Philadelphia",160018,0.007212,0.007422,0.972,0.972,0.97,0.006797,0.007627,"NEUTRAL","TTD","2026-09-15","2026-10-15"
60,"Site=usatoday.com","Site","usatoday.com",133483,0.007214,0.007422,0.972,0.972,0.97,0.00676,0.007668,"NEUTRAL","TTD","2026-09-15","2026-10-15"
61,"Channel=Video","Channel","Video",400028,0.007214,0.007422,0.972,0.972,0.97,0.006952,0.007476,"NEUTRAL","TTD","2026-09-15","2026-10-15"
62,"DayPart=Afternoon","DayPart","Afternoon",399034,0.00722,0.007422,0.973,0.973,0.97,0.006957,0.007483,"NEUTRAL","TTD","2026-09-15","2026-10-15"
53,"Site=nbcnews.com","Site","nbcnews.com",132811,0.007145,0.007422,0.963,0.963,0.96,0.006692,0.007598,"NEUTRAL","TTD","2026-09-15","2026-10-15"
54,"AuctionType=PMP","AuctionType","PMP",400382,0.007688,0.007422,1.036,1.036,1.04,0.007417,0.007959,"NEUTRAL","TTD","2026-09-15","2026-10-15"
55,"Region=AZ","Region","AZ",160276,0.007687,0.007422,1.036,1.036,1.04,0.007259,0.008115,"NEUTRAL","TTD","2026-09-15","2026-10-15"
56,"DMA=Houston","DMA","Houston",159787,0.00716,0.007422,0.965,0.965,0.97,0.006747,0.007573,"NEUTRAL","TTD","2026-09-15","2026-10-15"
63,"Connection=Cellular","Connection","Cellular",400643,0.007613,0.007422,1.026,1.026,1.03,0.007344,0.007882,"NEUTRAL","TTD","2026-09-15","2026-10-15"
64,"Region=GA","Region","GA",159611,0.007236,0.007422,0.975,0.975,0.98,0.00682,0.007652,"NEUTRAL","TTD","2026-09-15","2026-10-15"
65,"Site=foxnews.com","Site","foxnews.com",133752,0.007237,0.007422,0.975,0.975,0.98,0.006783,0.007691,"NEUTRAL","TTD","2026-09-15","2026-10-15"
66,"Region=IL","Region","IL",160196,0.007247,0.007422,0.976,0.976,0.98,0.006832,0.007662,"NEUTRAL","TTD","2026-09-15","2026-10-15"
67,"Channel=Mobile App","Channel","Mobile App",399936,0.007591,0.007422,1.023,1.023,1.02,0.007322,0.00786,"NEUTRAL","TTD","2026-09-15","2026-10-15"
78,"Region=TX","Region","TX",320096,0.007385,0.007422,0.995,0.995,1,0.007088,0.007682,"NEUTRAL","TTD","2026-09-15","2026-10-15"
79,"Site=abcnews.com","Site","abcnews.com",133235,0.007393,0.007422,0.996,0.996,1,0.006933,0.007853,"NEUTRAL","TTD","2026-09-15","2026-10-15"
80,"Region=FL","Region","FL",160230,0.007396,0.007422,0.996,0.996,1,0.006976,0.007816,"NEUTRAL","TTD","2026-09-15","2026-10-15"
81,"SSP=TripleLift","SSP","TripleLift",200736,0.007443,0.007422,1.003,1.003,1,0.007067,0.007819,"NEUTRAL","TTD","2026-09-15","2026-10-15"
82,"SSP=OpenX","SSP","OpenX",199980,0.007431,0.007422,1.001,1.001,1,0.007055,0.007807,"NEUTRAL","TTD","2026-09-15","2026-10-15"
68,"Region=PA","Region","PA",159652,0.007272,0.007422,0.98,0.98,0.98,0.006855,0.007689,"NEUTRAL","TTD","2026-09-15","2026-10-15"
69,"SSP=Xandr","SSP","Xandr",200582,0.007568,0.007422,1.02,1.02,1.02,0.007189,0.007947,"NEUTRAL","TTD","2026-09-15","2026-10-15"
70,"SSP=Index Exchange","SSP","Index Exchange",199202,0.007565,0.007422,1.019,1.019,1.02,0.007184,0.007946,"NEUTRAL","TTD","2026-09-15","2026-10-15"
71,"DMA=Dallas-Ft. Worth","DMA","Dallas-Ft. Worth",160429,0.007293,0.007422,0.983,0.983,0.98,0.006877,0.007709,"NEUTRAL","TTD","2026-09-15","2026-10-15"
72,"AuctionType=Direct","AuctionType","Direct",400510,0.007306,0.007422,0.984,0.984,0.98,0.007042,0.00757,"NEUTRAL","TTD","2026-09-15","2026-10-15"
73,"SSP=Google","SSP","Google",200443,0.007523,0.007422,1.014,1.014,1.01,0.007145,0.007901,"NEUTRAL","TTD","2026-09-15","2026-10-15"
74,"Region=CO","Region","CO",160741,0.007521,0.007422,1.013,1.013,1.01,0.007099,0.007943,"NEUTRAL","TTD","2026-09-15","2026-10-15"
75,"Connection=Unknown","Connection","Unknown",399856,0.007353,0.007422,0.991,0.991,0.99,0.007088,0.007618,"NEUTRAL","TTD","2026-09-15","2026-10-15"
76,"Region=CA","Region","CA",159459,0.007369,0.007422,0.993,0.993,0.99,0.006949,0.007789,"NEUTRAL","TTD","2026-09-15","2026-10-15"
77,"SSP=PubMatic","SSP","PubMatic",199783,0.007468,0.007422,1.006,1.006,1.01,0.00709,0.007846,"NEUTRAL","TTD","2026-09-15","2026-10-15"
356,"DeviceType=5 AND AuctionType=PMP","DeviceType x AuctionType","5_PMP",49826,0.007024,0.007422,0.946,0.947,0.95,0.006291,0.007757,"NEUTRAL","TTD","2026-09-15","2026-10-15"
357,"Site=abcnews.com AND Channel=Mobile App","Site x Channel","abcnews.com_Mobile App",33027,0.007025,0.007422,0.946,0.965,0.97,0.006124,0.007926,"NEUTRAL","TTD","2026-09-15","2026-10-15"
358,"Channel=Mobile App AND DMA=Atlanta","Channel x DMA","Mobile App_Atlanta",40520,0.007034,0.007422,0.948,0.958,0.96,0.00622,0.007848,"NEUTRAL","TTD","2026-09-15","2026-10-15"
359,"Site=foxnews.com AND Channel=Mobile App","Site x Channel","foxnews.com_Mobile App",33443,0.007804,0.007422,1.051,1.034,1.03,0.006861,0.008747,"NEUTRAL","TTD","2026-09-15","2026-10-15"
360,"Channel=Mobile App AND DMA=Los Angeles","Channel x DMA","Mobile App_Los Angeles",39883,0.007798,0.007422,1.051,1.04,1.04,0.006935,0.008661,"NEUTRAL","TTD","2026-09-15","2026-10-15"
361,"Site=washingtonpost.com AND Channel=Mobile App","Site x Channel","washingtonpost.com_Mobile App",33197,0.007049,0.007422,0.95,0.967,0.97,0.006149,0.007949,"NEUTRAL","TTD","2026-09-15","2026-10-15"
362,"Channel=Video AND DMA=Atlanta","Channel x DMA","Video_Atlanta",40390,0.007056,0.007422,0.951,0.96,0.96,0.00624,0.007872,"NEUTRAL","TTD","2026-09-15","2026-10-15"
363,"DeviceType=4 AND DMA=Chicago","DeviceType x DMA","4_Chicago",20188,0.007083,0.007422,0.954,0.982,0.98,0.005926,0.00824,"NEUTRAL","TTD","2026-09-15","2026-10-15"
364,"DeviceType=6 AND DMA=Miami","DeviceType x DMA","6_Miami",19972,0.007761,0.007422,1.046,1.018,1.02,0.006544,0.008978,"NEUTRAL","TTD","2026-09-15","2026-10-15"
365,"DeviceType=5 AND DMA=Dallas-Ft. Worth","DeviceType x DMA","5_Dallas-Ft. Worth",19904,0.007084,0.007422,0.954,0.982,0.98,0.005919,0.008249,"NEUTRAL","TTD","2026-09-15","2026-10-15"
366,"DeviceType=2 AND DMA=Denver","DeviceType x DMA","2_Denver",19852,0.007757,0.007422,1.045,1.018,1.02,0.006537,0.008977,"NEUTRAL","TTD","2026-09-15","2026-10-15"
367,"DeviceType=5 AND DMA=New York","DeviceType x DMA","5_New York",19996,0.007752,0.007422,1.044,1.018,1.02,0.006536,0.008968,"NEUTRAL","TTD","2026-09-15","2026-10-15"
368,"Site=foxnews.com AND Channel=Video","Site x Channel","foxnews.com_Video",33495,0.007106,0.007422,0.957,0.971,0.97,0.006206,0.008006,"NEUTRAL","TTD","2026-09-15","2026-10-15"
369,"Site=abcnews.com AND Channel=Video","Site x Channel","abcnews.com_Video",33622,0.007108,0.007422,0.958,0.972,0.97,0.00621,0.008006,"NEUTRAL","TTD","2026-09-15","2026-10-15"
370,"DeviceType=7 AND DMA=Los Angeles","DeviceType x DMA","7_Los Angeles",20112,0.00711,0.007422,0.958,0.983,0.98,0.005949,0.008271,"NEUTRAL","TTD","2026-09-15","2026-10-15"
371,"DeviceType=2 AND DMA=Los Angeles","DeviceType x DMA","2_Los Angeles",20189,0.007727,0.007422,1.041,1.017,1.02,0.006519,0.008935,"NEUTRAL","TTD","2026-09-15","2026-10-15"
372,"Channel=Mobile App AND AuctionType=Direct","Channel x AuctionType","Mobile App_Direct",100060,0.007126,0.007422,0.96,0.96,0.96,0.006605,0.007647,"NEUTRAL","TTD","2026-09-15","2026-10-15"
373,"MatchCode=FZY2 AND Channel=Video","Match x Channel","FZY2_Video",27033,0.007139,0.007422,0.962,0.979,0.98,0.006135,0.008143,"NEUTRAL","TTD","2026-09-15","2026-10-15"
374,"DeviceType=4 AND AuctionType=PG","DeviceType x AuctionType","4_PG",49905,0.007695,0.007422,1.037,1.037,1.04,0.006928,0.008462,"NEUTRAL","TTD","2026-09-15","2026-10-15"
336,"DayPart=Afternoon AND Channel=Video","DayPart x Channel","Afternoon_Video",99856,0.00689,0.007422,0.928,0.928,0.93,0.006377,0.007403,"NEUTRAL","TTD","2026-09-15","2026-10-15"
337,"MatchCode=FZY1 AND Channel=Mobile App","Match x Channel","FZY1_Mobile App",40339,0.006892,0.007422,0.928,0.942,0.94,0.006085,0.007699,"NEUTRAL","TTD","2026-09-15","2026-10-15"
338,"Site=nbcnews.com AND Channel=Mobile App","Site x Channel","nbcnews.com_Mobile App",33449,0.007952,0.007422,1.071,1.048,1.05,0.007,0.008904,"NEUTRAL","TTD","2026-09-15","2026-10-15"
339,"DeviceType=6 AND Channel=Video","DeviceType x Channel","6_Video",49586,0.006897,0.007422,0.929,0.93,0.93,0.006169,0.007625,"NEUTRAL","TTD","2026-09-15","2026-10-15"
340,"Site=nytimes.com AND Channel=Mobile App","Site x Channel","nytimes.com_Mobile App",33449,0.006906,0.007422,0.93,0.953,0.95,0.006018,0.007794,"NEUTRAL","TTD","2026-09-15","2026-10-15"
341,"Site=nbcnews.com AND Channel=Video","Site x Channel","nbcnews.com_Video",32811,0.006918,0.007422,0.932,0.955,0.96,0.006021,0.007815,"NEUTRAL","TTD","2026-09-15","2026-10-15"
342,"DeviceType=2 AND DMA=Atlanta","DeviceType x DMA","2_Atlanta",19937,0.007925,0.007422,1.068,1.027,1.03,0.006694,0.009156,"NEUTRAL","TTD","2026-09-15","2026-10-15"
343,"MatchCode=FZY4 AND Channel=Mobile App","Match x Channel","FZY4_Mobile App",13143,0.006924,0.007422,0.933,0.982,0.98,0.005506,0.008342,"NEUTRAL","TTD","2026-09-15","2026-10-15"
344,"Site=washingtonpost.com AND Channel=Video","Site x Channel","washingtonpost.com_Video",33479,0.00693,0.007422,0.934,0.956,0.96,0.006041,0.007819,"NEUTRAL","TTD","2026-09-15","2026-10-15"
345,"Site=reuters.com AND Channel=Mobile App","Site x Channel","reuters.com_Mobile App",33709,0.006942,0.007422,0.935,0.956,0.96,0.006056,0.007828,"NEUTRAL","TTD","2026-09-15","2026-10-15"
346,"Site=usatoday.com AND Channel=Video","Site x Channel","usatoday.com_Video",33555,0.006944,0.007422,0.936,0.957,0.96,0.006055,0.007833,"NEUTRAL","TTD","2026-09-15","2026-10-15"
347,"DeviceType=7 AND DMA=New York","DeviceType x DMA","7_New York",20065,0.006977,0.007422,0.94,0.976,0.98,0.005825,0.008129,"NEUTRAL","TTD","2026-09-15","2026-10-15"
348,"MatchCode=IPA1 AND Channel=CTV","Match x Channel","IPA1_CTV",39980,0.006978,0.007422,0.94,0.952,0.95,0.006162,0.007794,"NEUTRAL","TTD","2026-09-15","2026-10-15"
349,"DeviceType=2 AND DMA=Philadelphia","DeviceType x DMA","2_Philadelphia",19969,0.007862,0.007422,1.059,1.024,1.02,0.006637,0.009087,"NEUTRAL","TTD","2026-09-15","2026-10-15"
350,"DeviceType=2 AND Channel=Video","DeviceType x Channel","2_Video",50018,0.007857,0.007422,1.059,1.059,1.06,0.007083,0.008631,"NEUTRAL","TTD","2026-09-15","2026-10-15"
351,"MatchCode=HHD2 AND Channel=Mobile App","Match x Channel","HHD2_Mobile App",26171,0.006992,0.007422,0.942,0.97,0.97,0.005982,0.008002,"NEUTRAL","TTD","2026-09-15","2026-10-15"
352,"DeviceType=4 AND DMA=Los Angeles","DeviceType x DMA","4_Los Angeles",19856,0.007,0.007422,0.943,0.977,0.98,0.00584,0.00816,"NEUTRAL","TTD","2026-09-15","2026-10-15"
353,"DeviceType=7 AND DMA=Dallas-Ft. Worth","DeviceType x DMA","7_Dallas-Ft. Worth",19996,0.007001,0.007422,0.943,0.977,0.98,0.005845,0.008157,"NEUTRAL","TTD","2026-09-15","2026-10-15"
354,"Channel=Video AND DMA=Chicago","Channel x DMA","Video_Chicago",40340,0.007015,0.007422,0.945,0.956,0.96,0.006201,0.007829,"NEUTRAL","TTD","2026-09-15","2026-10-15"
355,"DayPart=LateNight AND Channel=CTV","DayPart x Channel","LateNight_CTV",100750,0.007017,0.007422,0.945,0.945,0.95,0.006502,0.007532,"NEUTRAL","TTD","2026-09-15","2026-10-15"
278,"DeviceType=1 AND Channel=Video","DeviceType x Channel","1_Video",49887,0.008479,0.007422,1.142,1.142,1.14,0.007674,0.009284,"BOOST","TTD","2026-09-15","2026-10-15"
279,"MatchCode=HEM1 AND Channel=Video","Match x Channel","HEM1_Video",52960,0.008459,0.007422,1.14,1.14,1.14,0.007679,0.009239,"BOOST","TTD","2026-09-15","2026-10-15"
280,"DeviceType=0 AND DMA=Chicago","DeviceType x DMA","0_Chicago",20222,0.006429,0.007422,0.866,0.946,0.95,0.005327,0.007531,"NEUTRAL","TTD","2026-09-15","2026-10-15"
281,"DeviceType=4 AND AuctionType=PMP","DeviceType x AuctionType","4_PMP",49929,0.006449,0.007422,0.869,0.869,0.87,0.005747,0.007151,"SUPPRESS","TTD","2026-09-15","2026-10-15"
282,"DeviceType=2 AND AuctionType=PMP","DeviceType x AuctionType","2_PMP",50072,0.008388,0.007422,1.13,1.13,1.13,0.007589,0.009187,"BOOST","TTD","2026-09-15","2026-10-15"
283,"Channel=CTV AND DMA=Phoenix","Channel x DMA","CTV_Phoenix",39954,0.008385,0.007422,1.13,1.104,1.1,0.007491,0.009279,"BOOST","TTD","2026-09-15","2026-10-15"
284,"DeviceType=6 AND DMA=Los Angeles","DeviceType x DMA","6_Los Angeles",20039,0.008384,0.007422,1.13,1.052,1.05,0.007122,0.009646,"NEUTRAL","TTD","2026-09-15","2026-10-15"
285,"DeviceType=7 AND Channel=CTV","DeviceType x Channel","7_CTV",50110,0.008382,0.007422,1.129,1.129,1.13,0.007584,0.00918,"BOOST","TTD","2026-09-15","2026-10-15"
286,"MatchCode=FZY2 AND Channel=Mobile App","Match x Channel","FZY2_Mobile App",26863,0.006477,0.007422,0.873,0.932,0.93,0.005518,0.007436,"NEUTRAL","TTD","2026-09-15","2026-10-15"
287,"DeviceType=7 AND AuctionType=PMP","DeviceType x AuctionType","7_PMP",50167,0.006478,0.007422,0.873,0.873,0.87,0.005776,0.00718,"SUPPRESS","TTD","2026-09-15","2026-10-15"
288,"DeviceType=7 AND AuctionType=PG","DeviceType x AuctionType","7_PG",49611,0.008365,0.007422,1.127,1.126,1.13,0.007564,0.009166,"BOOST","TTD","2026-09-15","2026-10-15"
289,"Site=huffpost.com AND Channel=Video","Site x Channel","huffpost.com_Video",33745,0.00649,0.007422,0.874,0.915,0.92,0.005633,0.007347,"NEUTRAL","TTD","2026-09-15","2026-10-15"
290,"Site=nytimes.com AND Channel=CTV","Site x Channel","nytimes.com_CTV",33526,0.008352,0.007422,1.125,1.084,1.08,0.007378,0.009326,"NEUTRAL","TTD","2026-09-15","2026-10-15"
291,"MatchCode=FZY1 AND Channel=Video","Match x Channel","FZY1_Video",39878,0.006495,0.007422,0.875,0.9,0.9,0.005707,0.007283,"SUPPRESS","TTD","2026-09-15","2026-10-15"
292,"DeviceType=5 AND DMA=Houston","DeviceType x DMA","5_Houston",19847,0.0065,0.007422,0.876,0.951,0.95,0.005382,0.007618,"NEUTRAL","TTD","2026-09-15","2026-10-15"
293,"MatchCode=MDH1 AND Channel=Video","Match x Channel","MDH1_Video",13213,0.006509,0.007422,0.877,0.967,0.97,0.005138,0.00788,"NEUTRAL","TTD","2026-09-15","2026-10-15"
294,"DeviceType=5 AND DMA=Atlanta","DeviceType x DMA","5_Atlanta",20256,0.006517,0.007422,0.878,0.951,0.95,0.005409,0.007625,"NEUTRAL","TTD","2026-09-15","2026-10-15"
295,"DeviceType=5 AND AuctionType=PG","DeviceType x AuctionType","5_PG",49957,0.008327,0.007422,1.122,1.122,1.12,0.00753,0.009124,"BOOST","TTD","2026-09-15","2026-10-15"
296,"Site=espn.com AND Channel=Display","Site x Channel","espn.com_Display",33277,0.006521,0.007422,0.879,0.919,0.92,0.005656,0.007386,"NEUTRAL","TTD","2026-09-15","2026-10-15"
239,"DeviceType=6 AND AuctionType=PG","DeviceType x AuctionType","6_PG",49875,0.008942,0.007422,1.205,1.204,1.2,0.008116,0.009768,"BOOST","TTD","2026-09-15","2026-10-15"
240,"Site=bbc.com AND Channel=CTV","Site x Channel","bbc.com_CTV",33237,0.008936,0.007422,1.204,1.136,1.14,0.007924,0.009948,"BOOST","TTD","2026-09-15","2026-10-15"
241,"MatchCode=HHD1 AND Channel=CTV","Match x Channel","HHD1_CTV",40602,0.008916,0.007422,1.201,1.163,1.16,0.008002,0.00983,"BOOST","TTD","2026-09-15","2026-10-15"
242,"DeviceType=6 AND AuctionType=Direct","DeviceType x AuctionType","6_Direct",50277,0.006007,0.007422,0.809,0.809,0.81,0.005332,0.006682,"SUPPRESS","TTD","2026-09-15","2026-10-15"
243,"Channel=Video AND DMA=Denver","Channel x DMA","Video_Denver",39611,0.006034,0.007422,0.813,0.852,0.85,0.005271,0.006797,"SUPPRESS","TTD","2026-09-15","2026-10-15"
244,"DeviceType=2 AND Channel=Mobile App","DeviceType x Channel","2_Mobile App",49833,0.008809,0.007422,1.187,1.186,1.19,0.007989,0.009629,"BOOST","TTD","2026-09-15","2026-10-15"
245,"DeviceType=7 AND DMA=Philadelphia","DeviceType x DMA","7_Philadelphia",19845,0.006047,0.007422,0.815,0.926,0.93,0.004968,0.007126,"NEUTRAL","TTD","2026-09-15","2026-10-15"
246,"MatchCode=EXCT AND Channel=Display","Match x Channel","EXCT_Display",79431,0.006056,0.007422,0.816,0.816,0.82,0.005516,0.006596,"SUPPRESS","TTD","2026-09-15","2026-10-15"
247,"MatchCode=FZY3 AND Channel=CTV","Match x Channel","FZY3_CTV",20035,0.008785,0.007422,1.184,1.074,1.07,0.007493,0.010077,"NEUTRAL","TTD","2026-09-15","2026-10-15"
248,"DeviceType=4 AND AuctionType=Direct","DeviceType x AuctionType","4_Direct",50439,0.006067,0.007422,0.817,0.817,0.82,0.005389,0.006745,"SUPPRESS","TTD","2026-09-15","2026-10-15"
249,"MatchCode=HEM1 AND Channel=Display","Match x Channel","HEM1_Display",52764,0.006084,0.007422,0.82,0.82,0.82,0.00542,0.006748,"SUPPRESS","TTD","2026-09-15","2026-10-15"
250,"DeviceType=5 AND Channel=Video","DeviceType x Channel","5_Video",50066,0.006092,0.007422,0.821,0.821,0.82,0.00541,0.006774,"SUPPRESS","TTD","2026-09-15","2026-10-15"
251,"MatchCode=FZY3 AND Channel=Video","Match x Channel","FZY3_Video",20350,0.006093,0.007422,0.821,0.927,0.93,0.005024,0.007162,"NEUTRAL","TTD","2026-09-15","2026-10-15"
252,"DeviceType=7 AND DMA=Houston","DeviceType x DMA","7_Houston",20016,0.006095,0.007422,0.821,0.928,0.93,0.005017,0.007173,"NEUTRAL","TTD","2026-09-15","2026-10-15"
253,"DeviceType=7 AND DMA=Phoenix","DeviceType x DMA","7_Phoenix",20008,0.006098,0.007422,0.822,0.929,0.93,0.005019,0.007177,"NEUTRAL","TTD","2026-09-15","2026-10-15"
254,"DeviceType=3 AND Channel=Display","DeviceType x Channel","3_Display",49964,0.006104,0.007422,0.822,0.823,0.82,0.005421,0.006787,"SUPPRESS","TTD","2026-09-15","2026-10-15"
255,"DeviceType=6 AND DMA=Denver","DeviceType x DMA","6_Denver",19803,0.00611,0.007422,0.823,0.93,0.93,0.005025,0.007195,"NEUTRAL","TTD","2026-09-15","2026-10-15"
256,"DeviceType=1 AND DMA=Philadelphia","DeviceType x DMA","1_Philadelphia",20160,0.00873,0.007422,1.176,1.071,1.07,0.007446,0.010014,"NEUTRAL","TTD","2026-09-15","2026-10-15"
257,"DeviceType=5 AND DMA=Chicago","DeviceType x DMA","5_Chicago",19893,0.006133,0.007422,0.826,0.931,0.93,0.005048,0.007218,"NEUTRAL","TTD","2026-09-15","2026-10-15"
