"RULE_ID","PREDICATE_TTD","BID_MULTIPLIER","SUPPORT","RAW_LIFT","SHRUNK_LIFT","RULE_ACTION","CI_LOWER","CI_UPPER","VALID_FROM","VALID_TO","FIELD_NAMESPACE"
141,"Channel=Display AND DMA=Philadelphia",0.7,40023,0.619,0.695,"SUPPRESS",0.003934,0.00526,"2026-09-15","2026-10-15","REDS"
142,"DeviceType=3 AND DMA=Atlanta",1.15,19957,1.377,1.151,"BOOST",0.008826,0.011618,"2026-09-15","2026-10-15","REDS"
143,"Site=espn.com AND Channel=Mobile App",1.25,33529,1.374,1.251,"BOOST",0.009124,0.011276,"2026-09-15","2026-10-15","REDS"
144,"DeviceType=3 AND DMA=Philadelphia",1.15,20013,1.373,1.149,"BOOST",0.008801,0.011585,"2026-09-15","2026-10-15","REDS"
145,"DeviceType=0 AND DMA=Phoenix",0.85,19706,0.629,0.854,"SUPPRESS",0.003717,0.005621,"2026-09-15","2026-10-15","REDS"
146,"DeviceType=6 AND Channel=Display",0.63,50315,0.629,0.629,"SUPPRESS",0.004075,0.005267,"2026-09-15","2026-10-15","REDS"
147,"Site=reuters.com AND Channel=CTV",1.24,33220,1.367,1.244,"BOOST",0.009066,0.011222,"2026-09-15","2026-10-15","REDS"
148,"Site=bbc.com AND Channel=Display",0.76,33396,0.633,0.755,"SUPPRESS",0.003967,0.005435,"2026-09-15","2026-10-15","REDS"
149,"DeviceType=3 AND DMA=Houston",1.15,20041,1.365,1.146,"BOOST",0.008743,0.011515,"2026-09-15","2026-10-15","REDS"
150,"DeviceType=5 AND AuctionType=OpenRTB",0.64,49937,0.637,0.637,"SUPPRESS",0.004124,0.005328,"2026-09-15","2026-10-15","REDS"
151,"Channel=Display AND DMA=Phoenix",0.71,39776,0.637,0.711,"SUPPRESS",0.004052,0.0054,"2026-09-15","2026-10-15","REDS"
152,"Channel=Display AND AuctionType=Direct",0.64,99960,0.639,0.639,"SUPPRESS",0.004316,0.005168,"2026-09-15","2026-10-15","REDS"
153,"Site=usatoday.com AND Channel=CTV",1.24,33394,1.36,1.24,"BOOST",0.00902,0.011164,"2026-09-15","2026-10-15","REDS"
154,"DeviceType=2 AND DMA=Miami",1.14,20021,1.359,1.144,"BOOST",0.008705,0.011473,"2026-09-15","2026-10-15","REDS"
155,"DeviceType=4 AND AuctionType=OpenRTB",0.64,50179,0.644,0.644,"SUPPRESS",0.004179,0.005387,"2026-09-15","2026-10-15","REDS"
156,"DayPart=Afternoon AND Channel=Display",0.65,99842,0.645,0.645,"SUPPRESS",0.00436,0.005216,"2026-09-15","2026-10-15","REDS"
157,"MatchCode=FZY5 AND Channel=Display",0.95,6667,0.647,0.953,"NEUTRAL",0.003141,0.006459,"2026-09-15","2026-10-15","REDS"
158,"Site=foxnews.com AND Channel=Display",0.77,33273,0.648,0.766,"SUPPRESS",0.004066,0.005552,"2026-09-15","2026-10-15","REDS"
159,"Channel=CTV AND AuctionType=Direct",1.35,100389,1.349,1.349,"BOOST",0.009395,0.010627,"2026-09-15","2026-10-15","REDS"
160,"DayPart=LateNight AND Channel=Mobile App",0.66,100039,0.655,0.655,"SUPPRESS",0.004427,0.005289,"2026-09-15","2026-10-15","REDS"
102,"Site=weather.com AND Channel=CTV",1.36,33713,1.531,1.358,"BOOST",0.01023,0.012492,"2026-09-15","2026-10-15","REDS"
103,"MatchCode=FZY2 AND Channel=Display",0.72,26823,0.472,0.717,"SUPPRESS",0.002797,0.004211,"2026-09-15","2026-10-15","REDS"
104,"Site=abcnews.com AND Channel=CTV",1.34,33224,1.509,1.338,"BOOST",0.010066,0.012328,"2026-09-15","2026-10-15","REDS"
105,"MatchCode=FZY3 AND Channel=Display",0.8,20112,0.502,0.8,"SUPPRESS",0.002887,0.004571,"2026-09-15","2026-10-15","REDS"
106,"DeviceType=3 AND DMA=Los Angeles",1.2,20070,1.49,1.197,"BOOST",0.009614,0.012508,"2026-09-15","2026-10-15","REDS"
107,"DeviceType=0 AND Channel=Display",0.51,49861,0.511,0.512,"SUPPRESS",0.003252,0.00433,"2026-09-15","2026-10-15","REDS"
108,"DeviceType=3 AND AuctionType=Direct",1.48,50361,1.479,1.479,"BOOST",0.010071,0.011891,"2026-09-15","2026-10-15","REDS"
109,"MatchCode=HHD1 AND Channel=Display",0.62,40291,0.522,0.615,"SUPPRESS",0.003266,0.004478,"2026-09-15","2026-10-15","REDS"
110,"DeviceType=0 AND AuctionType=OpenRTB",0.53,49755,0.523,0.525,"SUPPRESS",0.003333,0.004425,"2026-09-15","2026-10-15","REDS"
111,"DeviceType=0 AND DMA=Denver",0.81,19789,0.524,0.812,"SUPPRESS",0.003024,0.004758,"2026-09-15","2026-10-15","REDS"
112,"DayPart=Morning AND Channel=CTV",1.47,100230,1.468,1.468,"BOOST",0.010252,0.011538,"2026-09-15","2026-10-15","REDS"
113,"Channel=Display AND DMA=Atlanta",0.63,39866,0.537,0.631,"SUPPRESS",0.003369,0.004607,"2026-09-15","2026-10-15","REDS"
114,"DeviceType=5 AND Channel=Display",0.54,49646,0.54,0.543,"SUPPRESS",0.003452,0.004564,"2026-09-15","2026-10-15","REDS"
115,"Channel=Display AND DMA=Dallas-Ft. Worth",0.64,39899,0.544,0.636,"SUPPRESS",0.003413,0.004657,"2026-09-15","2026-10-15","REDS"
116,"Site=cnn.com AND Channel=Display",0.7,33222,0.547,0.699,"SUPPRESS",0.00338,0.004748,"2026-09-15","2026-10-15","REDS"
117,"Channel=CTV AND DMA=Chicago",1.36,39960,1.446,1.357,"BOOST",0.009726,0.011746,"2026-09-15","2026-10-15","REDS"
118,"DeviceType=3 AND Channel=Video",1.45,50339,1.445,1.445,"BOOST",0.009827,0.011627,"2026-09-15","2026-10-15","REDS"
119,"DeviceType=1 AND DMA=Los Angeles",1.18,19867,1.444,1.177,"BOOST",0.009289,0.012153,"2026-09-15","2026-10-15","REDS"
120,"DeviceType=2 AND Channel=CTV",1.44,50165,1.442,1.442,"BOOST",0.009804,0.011606,"2026-09-15","2026-10-15","REDS"
121,"Site=washingtonpost.com AND Channel=Display",0.71,33332,0.562,0.708,"SUPPRESS",0.003478,0.004862,"2026-09-15","2026-10-15","REDS"
161,"Channel=Display AND AuctionType=PMP",0.66,99735,0.655,0.655,"SUPPRESS",0.004431,0.005295,"2026-09-15","2026-10-15","REDS"
162,"DeviceType=5 AND DMA=Denver",0.86,19925,0.656,0.863,"SUPPRESS",0.003902,0.005834,"2026-09-15","2026-10-15","REDS"
163,"MatchCode=EXCT AND Channel=Mobile App",1.34,79571,1.343,1.343,"BOOST",0.009276,0.010656,"2026-09-15","2026-10-15","REDS"
164,"DayPart=LateNight AND Channel=Video",0.66,100045,0.66,0.66,"SUPPRESS",0.004465,0.005331,"2026-09-15","2026-10-15","REDS"
165,"DeviceType=1 AND AuctionType=PMP",1.34,50045,1.338,1.338,"BOOST",0.009062,0.0108,"2026-09-15","2026-10-15","REDS"
166,"Channel=CTV AND DMA=Philadelphia",1.27,40279,1.338,1.272,"BOOST",0.008963,0.010899,"2026-09-15","2026-10-15","REDS"
167,"DayPart=Morning AND Channel=Display",0.66,99679,0.662,0.662,"SUPPRESS",0.004482,0.00535,"2026-09-15","2026-10-15","REDS"
168,"MatchCode=MDI1 AND Channel=Display",0.73,40519,0.665,0.729,"SUPPRESS",0.004254,0.005618,"2026-09-15","2026-10-15","REDS"
169,"Channel=Video AND AuctionType=OpenRTB",0.67,100168,0.666,0.666,"SUPPRESS",0.004508,0.005376,"2026-09-15","2026-10-15","REDS"
170,"Site=washingtonpost.com AND Channel=CTV",1.22,33499,1.331,1.222,"BOOST",0.008822,0.01094,"2026-09-15","2026-10-15","REDS"
171,"DeviceType=0 AND DMA=Philadelphia",0.87,20081,0.671,0.868,"SUPPRESS",0.004006,0.005954,"2026-09-15","2026-10-15","REDS"
172,"DeviceType=0 AND DMA=Dallas-Ft. Worth",0.87,20069,0.671,0.868,"SUPPRESS",0.004009,0.005957,"2026-09-15","2026-10-15","REDS"
173,"DayPart=Evening AND Channel=Mobile App",1.33,99849,1.326,1.326,"BOOST",0.009233,0.010457,"2026-09-15","2026-10-15","REDS"
174,"DayPart=Afternoon AND Channel=CTV",1.32,99396,1.322,1.322,"BOOST",0.009196,0.010422,"2026-09-15","2026-10-15","REDS"
175,"Channel=Display AND DMA=Chicago",0.75,40180,0.687,0.749,"SUPPRESS",0.004405,0.005799,"2026-09-15","2026-10-15","REDS"
176,"DeviceType=4 AND DMA=Denver",0.88,19924,0.69,0.876,"SUPPRESS",0.004128,0.00611,"2026-09-15","2026-10-15","REDS"
177,"DeviceType=2 AND AuctionType=PG",1.31,50016,1.309,1.309,"BOOST",0.008857,0.010577,"2026-09-15","2026-10-15","REDS"
178,"Channel=CTV AND DMA=Atlanta",1.24,40225,1.303,1.244,"BOOST",0.008715,0.010627,"2026-09-15","2026-10-15","REDS"
179,"Site=huffpost.com AND Channel=Display",0.8,33113,0.7,0.801,"SUPPRESS",0.00442,0.005968,"2026-09-15","2026-10-15","REDS"
83,"DeviceType=3 AND Channel=CTV",2.03,49736,2.032,2.026,"BOOST",0.014009,0.016151,"2026-09-15","2026-10-15","REDS"
84,"Site=espn.com AND Channel=CTV",1.64,33533,1.953,1.639,"BOOST",0.013214,0.015772,"2026-09-15","2026-10-15","REDS"
85,"DeviceType=3 AND AuctionType=PG",1.81,50102,1.812,1.812,"BOOST",0.012444,0.014462,"2026-09-15","2026-10-15","REDS"
86,"MatchCode=EXCT AND Channel=CTV",1.74,79392,1.739,1.739,"BOOST",0.012126,0.013696,"2026-09-15","2026-10-15","REDS"
87,"DayPart=Evening AND Channel=CTV",1.71,100484,1.712,1.712,"BOOST",0.012015,0.013401,"2026-09-15","2026-10-15","REDS"
88,"Channel=CTV AND AuctionType=PG",1.69,100290,1.691,1.691,"BOOST",0.011865,0.013243,"2026-09-15","2026-10-15","REDS"
89,"DeviceType=3 AND DMA=Miami",1.28,20005,1.69,1.276,"BOOST",0.011005,0.014089,"2026-09-15","2026-10-15","REDS"
90,"DeviceType=3 AND DMA=New York",1.27,19747,1.685,1.271,"BOOST",0.010958,0.014058,"2026-09-15","2026-10-15","REDS"
91,"DeviceType=1 AND Channel=CTV",1.67,50213,1.672,1.672,"BOOST",0.011439,0.013375,"2026-09-15","2026-10-15","REDS"
92,"MatchCode=HEM1 AND Channel=CTV",1.6,53088,1.604,1.604,"BOOST",0.010982,0.012828,"2026-09-15","2026-10-15","REDS"
93,"Channel=CTV AND DMA=Miami",1.46,40178,1.576,1.463,"BOOST",0.010647,0.012749,"2026-09-15","2026-10-15","REDS"
94,"DeviceType=1 AND AuctionType=PG",1.57,50079,1.566,1.566,"BOOST",0.010683,0.012561,"2026-09-15","2026-10-15","REDS"
95,"Channel=Display AND AuctionType=OpenRTB",0.44,100094,0.435,0.435,"SUPPRESS",0.002876,0.003578,"2026-09-15","2026-10-15","REDS"
96,"DayPart=LateNight AND Channel=Display",0.44,100046,0.435,0.435,"SUPPRESS",0.002877,0.003581,"2026-09-15","2026-10-15","REDS"
97,"DeviceType=3 AND DMA=Chicago",1.23,20079,1.563,1.226,"BOOST",0.010123,0.013085,"2026-09-15","2026-10-15","REDS"
98,"MatchCode=MDI1 AND Channel=CTV",1.45,40525,1.559,1.453,"BOOST",0.010532,0.012614,"2026-09-15","2026-10-15","REDS"
99,"Channel=CTV AND DMA=Los Angeles",1.45,40021,1.559,1.447,"BOOST",0.010521,0.012617,"2026-09-15","2026-10-15","REDS"
100,"Channel=CTV AND DMA=New York",1.43,40142,1.537,1.431,"BOOST",0.01037,0.012448,"2026-09-15","2026-10-15","REDS"
101,"MatchCode=IPA1 AND Channel=Display",0.57,40093,0.464,0.57,"SUPPRESS",0.002869,0.004015,"2026-09-15","2026-10-15","REDS"
122,"Channel=Display AND DMA=Houston",0.65,40011,0.562,0.65,"SUPPRESS",0.003542,0.004806,"2026-09-15","2026-10-15","REDS"
123,"DeviceType=4 AND Channel=Display",0.57,49930,0.572,0.573,"SUPPRESS",0.003676,0.004816,"2026-09-15","2026-10-15","REDS"
124,"MatchCode=HHD2 AND Channel=Display",0.77,26585,0.573,0.773,"SUPPRESS",0.003469,0.005033,"2026-09-15","2026-10-15","REDS"
125,"Site=abcnews.com AND Channel=Display",0.72,33362,0.573,0.715,"SUPPRESS",0.003557,0.004955,"2026-09-15","2026-10-15","REDS"
126,"DeviceType=3 AND Channel=Mobile App",1.43,50253,1.426,1.426,"BOOST",0.009691,0.011481,"2026-09-15","2026-10-15","REDS"
127,"Site=espn.com AND Channel=Video",1.28,33442,1.422,1.282,"BOOST",0.009461,0.011651,"2026-09-15","2026-10-15","REDS"
128,"DeviceType=1 AND DMA=New York",1.17,19900,1.422,1.168,"BOOST",0.009133,0.011973,"2026-09-15","2026-10-15","REDS"
129,"Site=nbcnews.com AND Channel=Display",0.72,33307,0.578,0.719,"SUPPRESS",0.003591,0.004995,"2026-09-15","2026-10-15","REDS"
130,"Site=nytimes.com AND Channel=Display",0.72,33369,0.581,0.721,"SUPPRESS",0.003612,0.005018,"2026-09-15","2026-10-15","REDS"
131,"DeviceType=3 AND AuctionType=PMP",1.42,49947,1.416,1.416,"BOOST",0.009617,0.011405,"2026-09-15","2026-10-15","REDS"
132,"MatchCode=MDH1 AND Channel=Display",0.89,13108,0.586,0.891,"SUPPRESS",0.003222,0.005474,"2026-09-15","2026-10-15","REDS"
133,"Channel=Display AND DMA=Denver",0.68,40000,0.596,0.677,"SUPPRESS",0.003775,0.005075,"2026-09-15","2026-10-15","REDS"
134,"Channel=CTV AND AuctionType=PMP",1.4,100199,1.402,1.402,"BOOST",0.009781,0.011037,"2026-09-15","2026-10-15","REDS"
135,"DeviceType=7 AND Channel=Display",0.6,49796,0.601,0.602,"SUPPRESS",0.003873,0.005043,"2026-09-15","2026-10-15","REDS"
136,"Site=reuters.com AND Channel=Display",0.74,33246,0.604,0.737,"SUPPRESS",0.003764,0.0052,"2026-09-15","2026-10-15","REDS"
137,"MatchCode=FZY4 AND Channel=Display",0.89,13379,0.604,0.894,"SUPPRESS",0.003353,0.005617,"2026-09-15","2026-10-15","REDS"
138,"MatchCode=FZY1 AND Channel=Display",0.69,39831,0.605,0.686,"SUPPRESS",0.003837,0.005151,"2026-09-15","2026-10-15","REDS"
139,"Site=usatoday.com AND Channel=Display",0.74,33207,0.613,0.743,"SUPPRESS",0.003823,0.005271,"2026-09-15","2026-10-15","REDS"
140,"DeviceType=7 AND AuctionType=OpenRTB",0.61,50277,0.614,0.614,"SUPPRESS",0.003966,0.005144,"2026-09-15","2026-10-15","REDS"
180,"DeviceType=4 AND DMA=Atlanta",0.88,20392,0.7,0.878,"SUPPRESS",0.004211,0.006185,"2026-09-15","2026-10-15","REDS"
181,"Channel=Display AND DMA=New York",0.76,39989,0.704,0.763,"SUPPRESS",0.004519,0.005933,"2026-09-15","2026-10-15","REDS"
182,"Channel=CTV AND DMA=Houston",1.24,40060,1.295,1.236,"BOOST",0.008656,0.010566,"2026-09-15","2026-10-15","REDS"
183,"DeviceType=2 AND Channel=Display",0.71,50228,0.705,0.705,"SUPPRESS",0.004605,0.005867,"2026-09-15","2026-10-15","REDS"
184,"DeviceType=0 AND Channel=Mobile App",0.71,49841,0.706,0.706,"SUPPRESS",0.004603,0.005871,"2026-09-15","2026-10-15","REDS"
185,"DeviceType=7 AND DMA=Atlanta",0.88,20199,0.707,0.882,"SUPPRESS",0.004252,0.006244,"2026-09-15","2026-10-15","REDS"
186,"DeviceType=0 AND Channel=Video",0.71,49599,0.709,0.711,"SUPPRESS",0.004625,0.005899,"2026-09-15","2026-10-15","REDS"
187,"DeviceType=1 AND DMA=Miami",1.12,19951,1.29,1.116,"BOOST",0.008222,0.010924,"2026-09-15","2026-10-15","REDS"
188,"DeviceType=7 AND DMA=Denver",0.89,19843,0.713,0.886,"SUPPRESS",0.004282,0.006302,"2026-09-15","2026-10-15","REDS"
189,"DeviceType=3 AND DMA=Dallas-Ft. Worth",1.12,20312,1.287,1.117,"BOOST",0.008213,0.010889,"2026-09-15","2026-10-15","REDS"
190,"Channel=Mobile App AND AuctionType=PG",1.28,99778,1.284,1.284,"BOOST",0.008928,0.010134,"2026-09-15","2026-10-15","REDS"
191,"DeviceType=2 AND DMA=New York",1.11,20057,1.283,1.114,"BOOST",0.008179,0.010867,"2026-09-15","2026-10-15","REDS"
192,"MatchCode=IPA1 AND Channel=Mobile App",0.77,40455,0.719,0.773,"SUPPRESS",0.004629,0.006049,"2026-09-15","2026-10-15","REDS"
193,"DeviceType=3 AND DMA=Denver",1.11,19910,1.272,1.108,"BOOST",0.008099,0.010785,"2026-09-15","2026-10-15","REDS"
194,"Channel=CTV AND DMA=Dallas-Ft. Worth",1.22,40250,1.272,1.219,"BOOST",0.008496,0.010386,"2026-09-15","2026-10-15","REDS"
195,"DeviceType=0 AND AuctionType=PMP",0.73,50245,0.729,0.729,"SUPPRESS",0.004771,0.006055,"2026-09-15","2026-10-15","REDS"
196,"Site=nbcnews.com AND Channel=CTV",1.18,33244,1.268,1.179,"BOOST",0.008377,0.010453,"2026-09-15","2026-10-15","REDS"
197,"MatchCode=HHD2 AND Channel=Video",0.86,26282,0.733,0.86,"SUPPRESS",0.004552,0.00633,"2026-09-15","2026-10-15","REDS"
198,"DeviceType=4 AND DMA=Phoenix",0.89,20169,0.735,0.893,"SUPPRESS",0.004438,0.00647,"2026-09-15","2026-10-15","REDS"
199,"DeviceType=0 AND AuctionType=Direct",0.74,49642,0.735,0.737,"SUPPRESS",0.004811,0.006107,"2026-09-15","2026-10-15","REDS"
200,"DayPart=Evening AND Channel=Video",1.26,100047,1.264,1.264,"BOOST",0.008788,0.009984,"2026-09-15","2026-10-15","REDS"
201,"DeviceType=6 AND AuctionType=OpenRTB",0.74,49791,0.736,0.737,"SUPPRESS",0.004816,0.00611,"2026-09-15","2026-10-15","REDS"
202,"DeviceType=5 AND Channel=CTV",1.26,50204,1.264,1.264,"BOOST",0.008539,0.010225,"2026-09-15","2026-10-15","REDS"
203,"DeviceType=0 AND DMA=Miami",0.9,19936,0.737,0.895,"SUPPRESS",0.004443,0.006491,"2026-09-15","2026-10-15","REDS"
204,"MatchCode=FZY5 AND Channel=Mobile App",0.96,6763,0.737,0.964,"NEUTRAL",0.003713,0.007229,"2026-09-15","2026-10-15","REDS"
205,"DeviceType=1 AND Channel=Mobile App",1.26,49820,1.257,1.257,"BOOST",0.00849,0.010178,"2026-09-15","2026-10-15","REDS"
206,"DeviceType=6 AND Channel=CTV",1.26,49982,1.256,1.256,"BOOST",0.00848,0.010166,"2026-09-15","2026-10-15","REDS"
207,"Channel=Display AND DMA=Miami",0.8,39885,0.747,0.798,"SUPPRESS",0.004812,0.00627,"2026-09-15","2026-10-15","REDS"
208,"MatchCode=IPA1 AND Channel=Video",0.8,39883,0.75,0.801,"SUPPRESS",0.004836,0.006296,"2026-09-15","2026-10-15","REDS"
209,"Channel=Video AND DMA=Phoenix",0.8,39991,0.751,0.801,"SUPPRESS",0.004846,0.006306,"2026-09-15","2026-10-15","REDS"
210,"MatchCode=HEM1 AND Channel=Mobile App",1.25,52879,1.248,1.248,"BOOST",0.008449,0.010083,"2026-09-15","2026-10-15","REDS"
211,"Site=nytimes.com AND Channel=Video",0.84,33138,0.752,0.836,"SUPPRESS",0.004781,0.006385,"2026-09-15","2026-10-15","REDS"
212,"DeviceType=2 AND DMA=Phoenix",0.9,19864,0.753,0.902,"NEUTRAL",0.004551,0.006625,"2026-09-15","2026-10-15","REDS"
213,"Site=huffpost.com AND Channel=CTV",1.16,33095,1.242,1.16,"BOOST",0.008186,0.010246,"2026-09-15","2026-10-15","REDS"
214,"Site=foxnews.com AND Channel=CTV",1.16,33541,1.241,1.162,"BOOST",0.008191,0.010235,"2026-09-15","2026-10-15","REDS"
215,"DeviceType=1 AND Channel=Display",0.76,49863,0.759,0.76,"SUPPRESS",0.004978,0.006292,"2026-09-15","2026-10-15","REDS"
216,"MatchCode=MDH1 AND Channel=CTV",1.06,13370,1.239,1.064,"NEUTRAL",0.007582,0.010818,"2026-09-15","2026-10-15","REDS"
217,"Channel=Mobile App AND AuctionType=OpenRTB",0.77,99742,0.765,0.765,"SUPPRESS",0.005209,0.006141,"2026-09-15","2026-10-15","REDS"
218,"Channel=Video AND AuctionType=PG",1.23,99667,1.234,1.234,"BOOST",0.00857,0.009752,"2026-09-15","2026-10-15","REDS"
219,"DeviceType=0 AND DMA=Houston",0.91,20024,0.767,0.907,"NEUTRAL",0.004651,0.006735,"2026-09-15","2026-10-15","REDS"
220,"DeviceType=4 AND DMA=Dallas-Ft. Worth",0.91,20010,0.768,0.907,"NEUTRAL",0.004654,0.00674,"2026-09-15","2026-10-15","REDS"
221,"DeviceType=0 AND DMA=Atlanta",0.91,19999,0.768,0.907,"NEUTRAL",0.004657,0.006743,"2026-09-15","2026-10-15","REDS"
222,"DeviceType=5 AND DMA=Phoenix",0.91,19974,0.769,0.908,"NEUTRAL",0.004662,0.006752,"2026-09-15","2026-10-15","REDS"
223,"MatchCode=FZY1 AND Channel=CTV",1.18,40286,1.227,1.183,"BOOST",0.008182,0.010038,"2026-09-15","2026-10-15","REDS"
224,"MatchCode=HHD1 AND Channel=Video",0.82,40246,0.777,0.82,"SUPPRESS",0.005025,0.006505,"2026-09-15","2026-10-15","REDS"
225,"MatchCode=FZY3 AND Channel=Mobile App",0.91,20290,0.777,0.909,"NEUTRAL",0.004724,0.006808,"2026-09-15","2026-10-15","REDS"
226,"Channel=Mobile App AND DMA=New York",1.18,39889,1.219,1.175,"BOOST",0.008121,0.009979,"2026-09-15","2026-10-15","REDS"
227,"DeviceType=2 AND AuctionType=OpenRTB",0.78,50125,0.782,0.782,"SUPPRESS",0.00514,0.00647,"2026-09-15","2026-10-15","REDS"
228,"DeviceType=1 AND AuctionType=OpenRTB",0.79,50040,0.786,0.786,"SUPPRESS",0.005168,0.006502,"2026-09-15","2026-10-15","REDS"
229,"DeviceType=4 AND Channel=Video",0.79,50308,0.787,0.787,"SUPPRESS",0.005178,0.00651,"2026-09-15","2026-10-15","REDS"
230,"MatchCode=EXCT AND Channel=Video",1.21,79507,1.212,1.212,"BOOST",0.008337,0.009649,"2026-09-15","2026-10-15","REDS"
231,"MatchCode=HHD2 AND Channel=CTV",1.11,26689,1.212,1.113,"BOOST",0.007859,0.010125,"2026-09-15","2026-10-15","REDS"
232,"DeviceType=3 AND DMA=Phoenix",1.09,20158,1.21,1.085,"NEUTRAL",0.007677,0.010281,"2026-09-15","2026-10-15","REDS"
233,"Site=weather.com AND Channel=Video",1.14,32980,1.209,1.138,"BOOST",0.007957,0.009993,"2026-09-15","2026-10-15","REDS"
234,"Channel=Display AND DMA=Los Angeles",0.83,39974,0.792,0.834,"SUPPRESS",0.00513,0.006628,"2026-09-15","2026-10-15","REDS"
235,"Site=weather.com AND Channel=Display",0.86,33499,0.792,0.861,"SUPPRESS",0.005062,0.0067,"2026-09-15","2026-10-15","REDS"
236,"DeviceType=0 AND DMA=New York",0.92,19869,0.793,0.918,"NEUTRAL",0.004825,0.006953,"2026-09-15","2026-10-15","REDS"
237,"Site=cnn.com AND Channel=CTV",1.14,33634,1.206,1.138,"BOOST",0.007943,0.009955,"2026-09-15","2026-10-15","REDS"
238,"DeviceType=1 AND DMA=Chicago",1.08,19890,1.206,1.082,"NEUTRAL",0.00764,0.010258,"2026-09-15","2026-10-15","REDS"
1,"DeviceType=3",1.43,200292,1.431,1.431,"BOOST",0.01017,0.011068,"2026-09-15","2026-10-15","REDS"
2,"Site=espn.com",1.41,133781,1.408,1.408,"BOOST",0.009905,0.010995,"2026-09-15","2026-10-15","REDS"
3,"Channel=CTV",1.36,400860,1.362,1.362,"BOOST",0.009796,0.010416,"2026-09-15","2026-10-15","REDS"
4,"Channel=Display",0.64,399603,0.643,0.643,"SUPPRESS",0.004556,0.004984,"2026-09-15","2026-10-15","REDS"
5,"DayPart=LateNight",0.67,400880,0.674,0.674,"SUPPRESS",0.004786,0.005222,"2026-09-15","2026-10-15","REDS"
37,"MatchCode=MDI1",1.1,162008,1.102,1.102,"BOOST",0.00774,0.008618,"2026-09-15","2026-10-15","REDS"
38,"MatchCode=MDH1",0.9,52715,0.9,0.9,"SUPPRESS",0.005982,0.007372,"2026-09-15","2026-10-15","REDS"
39,"DMA=Los Angeles",1.1,159977,1.099,1.099,"NEUTRAL",0.007716,0.008598,"2026-09-15","2026-10-15","REDS"
40,"DeviceType=2",1.1,200244,1.098,1.098,"NEUTRAL",0.007756,0.008544,"2026-09-15","2026-10-15","REDS"
41,"MatchCode=FZY1",0.91,160334,0.91,0.91,"NEUTRAL",0.006354,0.007156,"2026-09-15","2026-10-15","REDS"
32,"Connection=Ethernet",0.88,399585,0.878,0.878,"SUPPRESS",0.006269,0.006769,"2026-09-15","2026-10-15","REDS"
33,"DeviceType=5",0.88,199549,0.884,0.884,"SUPPRESS",0.006206,0.006914,"2026-09-15","2026-10-15","REDS"
34,"MatchCode=FZY4",0.89,52956,0.888,0.888,"SUPPRESS",0.005901,0.007279,"2026-09-15","2026-10-15","REDS"
35,"Site=cnn.com",0.89,133325,0.892,0.892,"SUPPRESS",0.006188,0.007058,"2026-09-15","2026-10-15","REDS"
36,"Connection=WiFi",1.11,400343,1.105,1.105,"BOOST",0.007924,0.008482,"2026-09-15","2026-10-15","REDS"
27,"DMA=Miami",1.15,159953,1.146,1.146,"BOOST",0.008059,0.008959,"2026-09-15","2026-10-15","REDS"
28,"DMA=Phoenix",0.86,159985,0.857,0.857,"SUPPRESS",0.005973,0.006753,"2026-09-15","2026-10-15","REDS"
29,"MatchCode=HHD2",0.87,105727,0.865,0.865,"SUPPRESS",0.00594,0.006904,"2026-09-15","2026-10-15","REDS"
30,"DeviceType=7",0.87,200367,0.874,0.874,"SUPPRESS",0.006136,0.00684,"2026-09-15","2026-10-15","REDS"
31,"Genre=Entertainment",1.12,200250,1.124,1.124,"BOOST",0.007947,0.008743,"2026-09-15","2026-10-15","REDS"
6,"DayPart=Evening",1.28,400416,1.283,1.283,"BOOST",0.009224,0.009826,"2026-09-15","2026-10-15","REDS"
7,"AuctionType=OpenRTB",0.72,399986,0.717,0.717,"SUPPRESS",0.005095,0.005545,"2026-09-15","2026-10-15","REDS"
8,"MatchCode=IPA1",0.72,160411,0.718,0.718,"SUPPRESS",0.004974,0.005686,"2026-09-15","2026-10-15","REDS"
9,"MatchCode=EXCT",1.28,317901,1.277,1.277,"BOOST",0.009144,0.009818,"2026-09-15","2026-10-15","REDS"
10,"DeviceType=0",0.73,199646,0.729,0.729,"SUPPRESS",0.005088,0.005732,"2026-09-15","2026-10-15","REDS"
11,"AuctionType=PG",1.26,399549,1.263,1.263,"BOOST",0.009079,0.009677,"2026-09-15","2026-10-15","REDS"
22,"Site=weather.com",1.16,133337,1.156,1.156,"BOOST",0.008085,0.009075,"2026-09-15","2026-10-15","REDS"
23,"Site=nytimes.com",0.85,133482,0.848,0.848,"SUPPRESS",0.005869,0.006717,"2026-09-15","2026-10-15","REDS"
24,"DMA=New York",1.15,159799,1.152,1.152,"BOOST",0.008097,0.008999,"2026-09-15","2026-10-15","REDS"
25,"MatchCode=FZY2",0.85,107642,0.849,0.849,"SUPPRESS",0.005826,0.006772,"2026-09-15","2026-10-15","REDS"
26,"DMA=Denver",0.85,159101,0.854,0.854,"SUPPRESS",0.005946,0.006726,"2026-09-15","2026-10-15","REDS"
17,"MatchCode=FZY5",0.9,26900,0.806,0.896,"SUPPRESS",0.005063,0.006907,"2026-09-15","2026-10-15","REDS"
18,"Genre=News",0.81,199909,0.809,0.809,"SUPPRESS",0.005664,0.006342,"2026-09-15","2026-10-15","REDS"
19,"MatchCode=FZY3",0.82,80787,0.821,0.821,"SUPPRESS",0.005554,0.006626,"2026-09-15","2026-10-15","REDS"
20,"MatchCode=HHD1",0.84,161355,0.835,0.835,"SUPPRESS",0.005815,0.006581,"2026-09-15","2026-10-15","REDS"
21,"DeviceType=4",0.84,200452,0.841,0.841,"SUPPRESS",0.005901,0.006591,"2026-09-15","2026-10-15","REDS"
12,"Genre=Lifestyle",1.23,201002,1.233,1.233,"BOOST",0.008733,0.009565,"2026-09-15","2026-10-15","REDS"
13,"Genre=Business",0.78,200326,0.776,0.776,"SUPPRESS",0.00543,0.006092,"2026-09-15","2026-10-15","REDS"
14,"Genre=Sports",1.22,199455,1.221,1.221,"BOOST",0.008644,0.009476,"2026-09-15","2026-10-15","REDS"
15,"DeviceType=1",1.21,199783,1.208,1.208,"BOOST",0.008557,0.009383,"2026-09-15","2026-10-15","REDS"
16,"MatchCode=HEM1",1.2,211691,1.203,1.203,"BOOST",0.008532,0.009334,"2026-09-15","2026-10-15","REDS"
317,"DeviceType=6 AND DMA=Dallas-Ft. Worth",0.96,19884,0.908,0.963,"NEUTRAL",0.005602,0.007876,"2026-09-15","2026-10-15","REDS"
318,"Channel=Mobile App AND DMA=Phoenix",0.93,40264,0.91,0.928,"NEUTRAL",0.005955,0.007555,"2026-09-15","2026-10-15","REDS"
319,"Channel=Mobile App AND DMA=Philadelphia",0.93,39952,0.911,0.928,"NEUTRAL",0.005955,0.007561,"2026-09-15","2026-10-15","REDS"
320,"Site=weather.com AND Channel=Mobile App",1.06,33145,1.089,1.059,"NEUTRAL",0.007122,0.00905,"2026-09-15","2026-10-15","REDS"
321,"MatchCode=FZY2 AND Channel=CTV",1.05,26923,1.086,1.046,"NEUTRAL",0.006992,0.009128,"2026-09-15","2026-10-15","REDS"
322,"Channel=Mobile App AND AuctionType=PMP",1.08,100356,1.082,1.082,"NEUTRAL",0.007479,0.008583,"2026-09-15","2026-10-15","REDS"
323,"DeviceType=2 AND DMA=Chicago",1.03,20184,1.081,1.033,"NEUTRAL",0.006795,0.009257,"2026-09-15","2026-10-15","REDS"
324,"MatchCode=FZY5 AND Channel=CTV",0.99,6746,0.919,0.989,"NEUTRAL",0.004855,0.008783,"2026-09-15","2026-10-15","REDS"
325,"DeviceType=7 AND DMA=Chicago",0.97,20078,0.919,0.968,"NEUTRAL",0.005684,0.007962,"2026-09-15","2026-10-15","REDS"
326,"Site=cnn.com AND Channel=Mobile App",0.95,33114,0.92,0.947,"NEUTRAL",0.005938,0.007712,"2026-09-15","2026-10-15","REDS"
327,"MatchCode=FZY5 AND Channel=Video",0.99,6724,0.922,0.989,"NEUTRAL",0.004871,0.008811,"2026-09-15","2026-10-15","REDS"
328,"Channel=Mobile App AND DMA=Dallas-Ft. Worth",1.06,40015,1.077,1.062,"NEUTRAL",0.007124,0.00887,"2026-09-15","2026-10-15","REDS"
329,"DeviceType=6 AND DMA=New York",1.03,20133,1.077,1.031,"NEUTRAL",0.006767,0.009227,"2026-09-15","2026-10-15","REDS"
330,"DeviceType=6 AND Channel=Mobile App",0.92,50211,0.923,0.923,"NEUTRAL",0.006129,0.007573,"2026-09-15","2026-10-15","REDS"
331,"DeviceType=5 AND DMA=Philadelphia",0.97,19975,0.924,0.97,"NEUTRAL",0.005714,0.008004,"2026-09-15","2026-10-15","REDS"
332,"MatchCode=MDI1 AND Channel=Mobile App",1.06,40222,1.075,1.061,"NEUTRAL",0.007111,0.008851,"2026-09-15","2026-10-15","REDS"
333,"Channel=Mobile App AND DMA=Chicago",1.06,39897,1.074,1.059,"NEUTRAL",0.007098,0.008844,"2026-09-15","2026-10-15","REDS"
334,"DeviceType=0 AND AuctionType=PG",0.93,50004,0.927,0.927,"NEUTRAL",0.006155,0.007603,"2026-09-15","2026-10-15","REDS"
335,"DeviceType=5 AND DMA=Los Angeles",0.97,19893,0.928,0.971,"NEUTRAL",0.005738,0.008036,"2026-09-15","2026-10-15","REDS"
297,"DeviceType=7 AND Channel=Video",0.88,50225,0.88,0.88,"SUPPRESS",0.005827,0.007235,"2026-09-15","2026-10-15","REDS"
298,"DeviceType=6 AND DMA=Chicago",0.95,19843,0.883,0.953,"NEUTRAL",0.005429,0.007673,"2026-09-15","2026-10-15","REDS"
299,"DeviceType=4 AND Channel=CTV",1.12,50105,1.116,1.116,"BOOST",0.007489,0.009077,"2026-09-15","2026-10-15","REDS"
300,"DeviceType=7 AND Channel=Mobile App",0.89,50236,0.885,0.885,"SUPPRESS",0.005863,0.007275,"2026-09-15","2026-10-15","REDS"
301,"DeviceType=7 AND AuctionType=Direct",0.89,50312,0.886,0.886,"SUPPRESS",0.005873,0.007285,"2026-09-15","2026-10-15","REDS"
302,"DayPart=Morning AND Channel=Mobile App",1.11,100108,1.113,1.113,"BOOST",0.0077,0.008822,"2026-09-15","2026-10-15","REDS"
303,"DeviceType=2 AND DMA=Houston",1.05,19854,1.113,1.045,"NEUTRAL",0.007001,0.009519,"2026-09-15","2026-10-15","REDS"
304,"MatchCode=MDH1 AND Channel=Mobile App",0.97,13024,0.89,0.971,"NEUTRAL",0.005212,0.007994,"2026-09-15","2026-10-15","REDS"
305,"DeviceType=4 AND Channel=Mobile App",0.89,50109,0.89,0.89,"SUPPRESS",0.005897,0.007315,"2026-09-15","2026-10-15","REDS"
306,"MatchCode=MDI1 AND Channel=Video",1.09,40742,1.108,1.088,"NEUTRAL",0.007345,0.009099,"2026-09-15","2026-10-15","REDS"
307,"Site=cnn.com AND Channel=Video",0.93,33355,0.893,0.928,"NEUTRAL",0.005755,0.007497,"2026-09-15","2026-10-15","REDS"
308,"Channel=Video AND DMA=Miami",1.08,39879,1.105,1.084,"NEUTRAL",0.007315,0.009085,"2026-09-15","2026-10-15","REDS"
309,"DeviceType=1 AND DMA=Phoenix",1.04,20008,1.104,1.042,"NEUTRAL",0.006948,0.009446,"2026-09-15","2026-10-15","REDS"
310,"DeviceType=6 AND DMA=Philadelphia",0.96,19974,0.897,0.959,"NEUTRAL",0.005531,0.007787,"2026-09-15","2026-10-15","REDS"
311,"DeviceType=6 AND DMA=Atlanta",0.96,20105,0.898,0.959,"NEUTRAL",0.00554,0.00779,"2026-09-15","2026-10-15","REDS"
312,"DeviceType=1 AND DMA=Denver",1.04,20055,1.102,1.041,"NEUTRAL",0.006932,0.009424,"2026-09-15","2026-10-15","REDS"
313,"DeviceType=7 AND DMA=Miami",1.04,20205,1.1,1.041,"NEUTRAL",0.006925,0.009407,"2026-09-15","2026-10-15","REDS"
314,"DeviceType=1 AND DMA=Houston",1.04,19859,1.099,1.039,"NEUTRAL",0.006907,0.009409,"2026-09-15","2026-10-15","REDS"
315,"DeviceType=1 AND DMA=Atlanta",1.04,20156,1.096,1.039,"NEUTRAL",0.006897,0.009377,"2026-09-15","2026-10-15","REDS"
316,"DeviceType=5 AND Channel=Mobile App",0.91,49633,0.907,0.907,"NEUTRAL",0.00601,0.007448,"2026-09-15","2026-10-15","REDS"
375,"Channel=Mobile App AND DMA=Houston",1.03,39806,1.036,1.028,"NEUTRAL",0.006829,0.008545,"2026-09-15","2026-10-15","REDS"
376,"DeviceType=4 AND DMA=Miami",0.99,19977,0.964,0.986,"NEUTRAL",0.005989,0.008327,"2026-09-15","2026-10-15","REDS"
377,"DayPart=Morning AND Channel=Video",1.03,100080,1.035,1.035,"NEUTRAL",0.007143,0.008225,"2026-09-15","2026-10-15","REDS"
378,"Channel=Video AND DMA=Houston",0.97,39910,0.965,0.972,"NEUTRAL",0.006338,0.007994,"2026-09-15","2026-10-15","REDS"
379,"Channel=Video AND DMA=Dallas-Ft. Worth",1.03,40265,1.034,1.027,"NEUTRAL",0.006822,0.008526,"2026-09-15","2026-10-15","REDS"
380,"Site=huffpost.com AND Channel=Mobile App",1.02,33326,1.031,1.021,"NEUTRAL",0.006716,0.008588,"2026-09-15","2026-10-15","REDS"
381,"Site=bbc.com AND Channel=Video",0.98,32994,0.972,0.981,"NEUTRAL",0.0063,0.008126,"2026-09-15","2026-10-15","REDS"
382,"DeviceType=4 AND DMA=New York",0.99,20032,0.975,0.99,"NEUTRAL",0.006064,0.008412,"2026-09-15","2026-10-15","REDS"
383,"Site=usatoday.com AND Channel=Mobile App",0.99,33327,0.978,0.986,"NEUTRAL",0.006349,0.008173,"2026-09-15","2026-10-15","REDS"
384,"DeviceType=5 AND DMA=Miami",0.99,19886,0.982,0.993,"NEUTRAL",0.006109,0.008475,"2026-09-15","2026-10-15","REDS"
385,"Channel=Video AND DMA=Philadelphia",1.01,39764,1.016,1.013,"NEUTRAL",0.006694,0.008396,"2026-09-15","2026-10-15","REDS"
386,"DeviceType=6 AND AuctionType=PMP",0.99,50151,0.986,0.986,"NEUTRAL",0.006572,0.008064,"2026-09-15","2026-10-15","REDS"
387,"DeviceType=3 AND AuctionType=OpenRTB",1.01,49882,1.013,1.013,"NEUTRAL",0.00676,0.008276,"2026-09-15","2026-10-15","REDS"
388,"DeviceType=0 AND Channel=CTV",0.99,50345,0.987,0.987,"NEUTRAL",0.006584,0.008074,"2026-09-15","2026-10-15","REDS"
389,"Channel=Video AND AuctionType=Direct",0.99,100101,0.988,0.988,"NEUTRAL",0.006804,0.007862,"2026-09-15","2026-10-15","REDS"
390,"Site=bbc.com AND Channel=Mobile App",1,33221,0.994,0.996,"NEUTRAL",0.006455,0.008295,"2026-09-15","2026-10-15","REDS"
391,"Channel=Video AND DMA=Los Angeles",1,40099,0.995,0.996,"NEUTRAL",0.006544,0.00822,"2026-09-15","2026-10-15","REDS"
392,"Channel=CTV AND AuctionType=OpenRTB",1,99982,1.003,1.003,"NEUTRAL",0.006908,0.007974,"2026-09-15","2026-10-15","REDS"
393,"DayPart=Afternoon AND Channel=Mobile App",1,99940,0.998,0.998,"NEUTRAL",0.006872,0.007936,"2026-09-15","2026-10-15","REDS"
394,"Channel=Video AND AuctionType=PMP",1,100092,1.001,1.001,"NEUTRAL",0.006901,0.007965,"2026-09-15","2026-10-15","REDS"
258,"DeviceType=2 AND DMA=Dallas-Ft. Worth",1.07,20317,1.174,1.071,"NEUTRAL",0.007434,0.00999,"2026-09-15","2026-10-15","REDS"
259,"Site=reuters.com AND Channel=Video",0.88,33412,0.827,0.884,"SUPPRESS",0.005299,0.006973,"2026-09-15","2026-10-15","REDS"
260,"DayPart=Evening AND Channel=Display",0.83,100036,0.828,0.828,"SUPPRESS",0.005664,0.006632,"2026-09-15","2026-10-15","REDS"
261,"MatchCode=FZY4 AND Channel=CTV",1.05,13224,1.172,1.045,"NEUTRAL",0.007114,0.010278,"2026-09-15","2026-10-15","REDS"
262,"DeviceType=2 AND AuctionType=Direct",1.17,50031,1.171,1.171,"BOOST",0.007881,0.009509,"2026-09-15","2026-10-15","REDS"
263,"DeviceType=5 AND AuctionType=Direct",0.83,49829,0.83,0.831,"SUPPRESS",0.005474,0.006848,"2026-09-15","2026-10-15","REDS"
264,"DeviceType=6 AND DMA=Phoenix",0.93,20098,0.831,0.932,"NEUTRAL",0.005087,0.007253,"2026-09-15","2026-10-15","REDS"
265,"DeviceType=4 AND DMA=Houston",0.93,19903,0.833,0.933,"NEUTRAL",0.005091,0.007269,"2026-09-15","2026-10-15","REDS"
266,"MatchCode=HHD1 AND Channel=Mobile App",0.87,40216,0.838,0.869,"SUPPRESS",0.005448,0.006984,"2026-09-15","2026-10-15","REDS"
267,"Channel=CTV AND DMA=Denver",1.13,39791,1.158,1.126,"BOOST",0.007688,0.009502,"2026-09-15","2026-10-15","REDS"
268,"Channel=Display AND AuctionType=PG",0.84,99814,0.842,0.842,"SUPPRESS",0.005763,0.006741,"2026-09-15","2026-10-15","REDS"
269,"Channel=Mobile App AND DMA=Miami",1.12,40011,1.155,1.124,"BOOST",0.00767,0.009476,"2026-09-15","2026-10-15","REDS"
270,"DeviceType=6 AND DMA=Houston",0.94,20243,0.845,0.937,"NEUTRAL",0.005186,0.007362,"2026-09-15","2026-10-15","REDS"
271,"MatchCode=FZY4 AND Channel=Video",0.96,13210,0.847,0.959,"NEUTRAL",0.004936,0.00763,"2026-09-15","2026-10-15","REDS"
272,"Channel=Mobile App AND DMA=Denver",0.88,39699,0.848,0.88,"SUPPRESS",0.005519,0.007075,"2026-09-15","2026-10-15","REDS"
273,"DeviceType=1 AND DMA=Dallas-Ft. Worth",1.06,19937,1.149,1.059,"NEUTRAL",0.007251,0.009803,"2026-09-15","2026-10-15","REDS"
274,"Channel=Video AND DMA=New York",1.12,39779,1.145,1.115,"BOOST",0.007595,0.009399,"2026-09-15","2026-10-15","REDS"
275,"DeviceType=4 AND DMA=Philadelphia",0.94,20001,0.855,0.942,"NEUTRAL",0.005249,0.007451,"2026-09-15","2026-10-15","REDS"
276,"DeviceType=1 AND AuctionType=Direct",1.14,49619,1.143,1.142,"BOOST",0.007678,0.009292,"2026-09-15","2026-10-15","REDS"
277,"DeviceType=0 AND DMA=Los Angeles",0.94,19951,0.858,0.943,"NEUTRAL",0.005262,0.00747,"2026-09-15","2026-10-15","REDS"
47,"Site=bbc.com",0.95,132848,0.95,0.95,"NEUTRAL",0.006603,0.007503,"2026-09-15","2026-10-15","REDS"
48,"Genre=Health",1.05,200359,1.049,1.049,"NEUTRAL",0.007401,0.008171,"2026-09-15","2026-10-15","REDS"
49,"Genre=Technology",0.96,199820,0.957,0.957,"NEUTRAL",0.006738,0.007474,"2026-09-15","2026-10-15","REDS"
50,"Region=NY",1.04,160166,1.041,1.041,"NEUTRAL",0.007294,0.008152,"2026-09-15","2026-10-15","REDS"
51,"Site=huffpost.com",0.96,133279,0.961,0.961,"NEUTRAL",0.006683,0.007587,"2026-09-15","2026-10-15","REDS"
52,"DMA=Chicago",1.04,160377,1.037,1.037,"NEUTRAL",0.007273,0.008129,"2026-09-15","2026-10-15","REDS"
42,"DayPart=Morning",1.07,400097,1.07,1.07,"NEUTRAL",0.007668,0.008218,"2026-09-15","2026-10-15","REDS"
43,"Site=reuters.com",0.93,133587,0.933,0.933,"NEUTRAL",0.006479,0.007369,"2026-09-15","2026-10-15","REDS"
44,"DeviceType=6",0.93,200094,0.934,0.934,"NEUTRAL",0.006568,0.007296,"2026-09-15","2026-10-15","REDS"
45,"DMA=Atlanta",0.94,161001,0.936,0.936,"NEUTRAL",0.006538,0.00735,"2026-09-15","2026-10-15","REDS"
46,"Site=washingtonpost.com",0.95,133507,0.945,0.945,"NEUTRAL",0.006563,0.007459,"2026-09-15","2026-10-15","REDS"
57,"SSP=Magnite",0.97,199908,0.966,0.966,"NEUTRAL",0.006803,0.007543,"2026-09-15","2026-10-15","REDS"
58,"SSP=SpotX",0.97,199793,0.971,0.971,"NEUTRAL",0.006836,0.007578,"2026-09-15","2026-10-15","REDS"
59,"DMA=Philadelphia",0.97,160018,0.972,0.972,"NEUTRAL",0.006797,0.007627,"2026-09-15","2026-10-15","REDS"
60,"Site=usatoday.com",0.97,133483,0.972,0.972,"NEUTRAL",0.00676,0.007668,"2026-09-15","2026-10-15","REDS"
61,"Channel=Video",0.97,400028,0.972,0.972,"NEUTRAL",0.006952,0.007476,"2026-09-15","2026-10-15","REDS"
62,"DayPart=Afternoon",0.97,399034,0.973,0.973,"NEUTRAL",0.006957,0.007483,"2026-09-15","2026-10-15","REDS"
53,"Site=nbcnews.com",0.96,132811,0.963,0.963,"NEUTRAL",0.006692,0.007598,"2026-09-15","2026-10-15","REDS"
54,"AuctionType=PMP",1.04,400382,1.036,1.036,"NEUTRAL",0.007417,0.007959,"2026-09-15","2026-10-15","REDS"
55,"Region=AZ",1.04,160276,1.036,1.036,"NEUTRAL",0.007259,0.008115,"2026-09-15","2026-10-15","REDS"
56,"DMA=Houston",0.97,159787,0.965,0.965,"NEUTRAL",0.006747,0.007573,"2026-09-15","2026-10-15","REDS"
63,"Connection=Cellular",1.03,400643,1.026,1.026,"NEUTRAL",0.007344,0.007882,"2026-09-15","2026-10-15","REDS"
64,"Region=GA",0.98,159611,0.975,0.975,"NEUTRAL",0.00682,0.007652,"2026-09-15","2026-10-15","REDS"
65,"Site=foxnews.com",0.98,133752,0.975,0.975,"NEUTRAL",0.006783,0.007691,"2026-09-15","2026-10-15","REDS"
66,"Region=IL",0.98,160196,0.976,0.976,"NEUTRAL",0.006832,0.007662,"2026-09-15","2026-10-15","REDS"
67,"Channel=Mobile App",1.02,399936,1.023,1.023,"NEUTRAL",0.007322,0.00786,"2026-09-15","2026-10-15","REDS"
78,"Region=TX",1,320096,0.995,0.995,"NEUTRAL",0.007088,0.007682,"2026-09-15","2026-10-15","REDS"
79,"Site=abcnews.com",1,133235,0.996,0.996,"NEUTRAL",0.006933,0.007853,"2026-09-15","2026-10-15","REDS"
80,"Region=FL",1,160230,0.996,0.996,"NEUTRAL",0.006976,0.007816,"2026-09-15","2026-10-15","REDS"
81,"SSP=TripleLift",1,200736,1.003,1.003,"NEUTRAL",0.007067,0.007819,"2026-09-15","2026-10-15","REDS"
82,"SSP=OpenX",1,199980,1.001,1.001,"NEUTRAL",0.007055,0.007807,"2026-09-15","2026-10-15","REDS"
68,"Region=PA",0.98,159652,0.98,0.98,"NEUTRAL",0.006855,0.007689,"2026-09-15","2026-10-15","REDS"
69,"SSP=Xandr",1.02,200582,1.02,1.02,"NEUTRAL",0.007189,0.007947,"2026-09-15","2026-10-15","REDS"
70,"SSP=Index Exchange",1.02,199202,1.019,1.019,"NEUTRAL",0.007184,0.007946,"2026-09-15","2026-10-15","REDS"
71,"DMA=Dallas-Ft. Worth",0.98,160429,0.983,0.983,"NEUTRAL",0.006877,0.007709,"2026-09-15","2026-10-15","REDS"
72,"AuctionType=Direct",0.98,400510,0.984,0.984,"NEUTRAL",0.007042,0.00757,"2026-09-15","2026-10-15","REDS"
73,"SSP=Google",1.01,200443,1.014,1.014,"NEUTRAL",0.007145,0.007901,"2026-09-15","2026-10-15","REDS"
74,"Region=CO",1.01,160741,1.013,1.013,"NEUTRAL",0.007099,0.007943,"2026-09-15","2026-10-15","REDS"
75,"Connection=Unknown",0.99,399856,0.991,0.991,"NEUTRAL",0.007088,0.007618,"2026-09-15","2026-10-15","REDS"
76,"Region=CA",0.99,159459,0.993,0.993,"NEUTRAL",0.006949,0.007789,"2026-09-15","2026-10-15","REDS"
77,"SSP=PubMatic",1.01,199783,1.006,1.006,"NEUTRAL",0.00709,0.007846,"2026-09-15","2026-10-15","REDS"
356,"DeviceType=5 AND AuctionType=PMP",0.95,49826,0.946,0.947,"NEUTRAL",0.006291,0.007757,"2026-09-15","2026-10-15","REDS"
357,"Site=abcnews.com AND Channel=Mobile App",0.97,33027,0.946,0.965,"NEUTRAL",0.006124,0.007926,"2026-09-15","2026-10-15","REDS"
358,"Channel=Mobile App AND DMA=Atlanta",0.96,40520,0.948,0.958,"NEUTRAL",0.00622,0.007848,"2026-09-15","2026-10-15","REDS"
359,"Site=foxnews.com AND Channel=Mobile App",1.03,33443,1.051,1.034,"NEUTRAL",0.006861,0.008747,"2026-09-15","2026-10-15","REDS"
360,"Channel=Mobile App AND DMA=Los Angeles",1.04,39883,1.051,1.04,"NEUTRAL",0.006935,0.008661,"2026-09-15","2026-10-15","REDS"
361,"Site=washingtonpost.com AND Channel=Mobile App",0.97,33197,0.95,0.967,"NEUTRAL",0.006149,0.007949,"2026-09-15","2026-10-15","REDS"
362,"Channel=Video AND DMA=Atlanta",0.96,40390,0.951,0.96,"NEUTRAL",0.00624,0.007872,"2026-09-15","2026-10-15","REDS"
363,"DeviceType=4 AND DMA=Chicago",0.98,20188,0.954,0.982,"NEUTRAL",0.005926,0.00824,"2026-09-15","2026-10-15","REDS"
364,"DeviceType=6 AND DMA=Miami",1.02,19972,1.046,1.018,"NEUTRAL",0.006544,0.008978,"2026-09-15","2026-10-15","REDS"
365,"DeviceType=5 AND DMA=Dallas-Ft. Worth",0.98,19904,0.954,0.982,"NEUTRAL",0.005919,0.008249,"2026-09-15","2026-10-15","REDS"
366,"DeviceType=2 AND DMA=Denver",1.02,19852,1.045,1.018,"NEUTRAL",0.006537,0.008977,"2026-09-15","2026-10-15","REDS"
367,"DeviceType=5 AND DMA=New York",1.02,19996,1.044,1.018,"NEUTRAL",0.006536,0.008968,"2026-09-15","2026-10-15","REDS"
368,"Site=foxnews.com AND Channel=Video",0.97,33495,0.957,0.971,"NEUTRAL",0.006206,0.008006,"2026-09-15","2026-10-15","REDS"
369,"Site=abcnews.com AND Channel=Video",0.97,33622,0.958,0.972,"NEUTRAL",0.00621,0.008006,"2026-09-15","2026-10-15","REDS"
370,"DeviceType=7 AND DMA=Los Angeles",0.98,20112,0.958,0.983,"NEUTRAL",0.005949,0.008271,"2026-09-15","2026-10-15","REDS"
371,"DeviceType=2 AND DMA=Los Angeles",1.02,20189,1.041,1.017,"NEUTRAL",0.006519,0.008935,"2026-09-15","2026-10-15","REDS"
372,"Channel=Mobile App AND AuctionType=Direct",0.96,100060,0.96,0.96,"NEUTRAL",0.006605,0.007647,"2026-09-15","2026-10-15","REDS"
373,"MatchCode=FZY2 AND Channel=Video",0.98,27033,0.962,0.979,"NEUTRAL",0.006135,0.008143,"2026-09-15","2026-10-15","REDS"
374,"DeviceType=4 AND AuctionType=PG",1.04,49905,1.037,1.037,"NEUTRAL",0.006928,0.008462,"2026-09-15","2026-10-15","REDS"
336,"DayPart=Afternoon AND Channel=Video",0.93,99856,0.928,0.928,"NEUTRAL",0.006377,0.007403,"2026-09-15","2026-10-15","REDS"
337,"MatchCode=FZY1 AND Channel=Mobile App",0.94,40339,0.928,0.942,"NEUTRAL",0.006085,0.007699,"2026-09-15","2026-10-15","REDS"
338,"Site=nbcnews.com AND Channel=Mobile App",1.05,33449,1.071,1.048,"NEUTRAL",0.007,0.008904,"2026-09-15","2026-10-15","REDS"
339,"DeviceType=6 AND Channel=Video",0.93,49586,0.929,0.93,"NEUTRAL",0.006169,0.007625,"2026-09-15","2026-10-15","REDS"
340,"Site=nytimes.com AND Channel=Mobile App",0.95,33449,0.93,0.953,"NEUTRAL",0.006018,0.007794,"2026-09-15","2026-10-15","REDS"
341,"Site=nbcnews.com AND Channel=Video",0.96,32811,0.932,0.955,"NEUTRAL",0.006021,0.007815,"2026-09-15","2026-10-15","REDS"
342,"DeviceType=2 AND DMA=Atlanta",1.03,19937,1.068,1.027,"NEUTRAL",0.006694,0.009156,"2026-09-15","2026-10-15","REDS"
343,"MatchCode=FZY4 AND Channel=Mobile App",0.98,13143,0.933,0.982,"NEUTRAL",0.005506,0.008342,"2026-09-15","2026-10-15","REDS"
344,"Site=washingtonpost.com AND Channel=Video",0.96,33479,0.934,0.956,"NEUTRAL",0.006041,0.007819,"2026-09-15","2026-10-15","REDS"
345,"Site=reuters.com AND Channel=Mobile App",0.96,33709,0.935,0.956,"NEUTRAL",0.006056,0.007828,"2026-09-15","2026-10-15","REDS"
346,"Site=usatoday.com AND Channel=Video",0.96,33555,0.936,0.957,"NEUTRAL",0.006055,0.007833,"2026-09-15","2026-10-15","REDS"
347,"DeviceType=7 AND DMA=New York",0.98,20065,0.94,0.976,"NEUTRAL",0.005825,0.008129,"2026-09-15","2026-10-15","REDS"
348,"MatchCode=IPA1 AND Channel=CTV",0.95,39980,0.94,0.952,"NEUTRAL",0.006162,0.007794,"2026-09-15","2026-10-15","REDS"
349,"DeviceType=2 AND DMA=Philadelphia",1.02,19969,1.059,1.024,"NEUTRAL",0.006637,0.009087,"2026-09-15","2026-10-15","REDS"
350,"DeviceType=2 AND Channel=Video",1.06,50018,1.059,1.059,"NEUTRAL",0.007083,0.008631,"2026-09-15","2026-10-15","REDS"
351,"MatchCode=HHD2 AND Channel=Mobile App",0.97,26171,0.942,0.97,"NEUTRAL",0.005982,0.008002,"2026-09-15","2026-10-15","REDS"
352,"DeviceType=4 AND DMA=Los Angeles",0.98,19856,0.943,0.977,"NEUTRAL",0.00584,0.00816,"2026-09-15","2026-10-15","REDS"
353,"DeviceType=7 AND DMA=Dallas-Ft. Worth",0.98,19996,0.943,0.977,"NEUTRAL",0.005845,0.008157,"2026-09-15","2026-10-15","REDS"
354,"Channel=Video AND DMA=Chicago",0.96,40340,0.945,0.956,"NEUTRAL",0.006201,0.007829,"2026-09-15","2026-10-15","REDS"
355,"DayPart=LateNight AND Channel=CTV",0.95,100750,0.945,0.945,"NEUTRAL",0.006502,0.007532,"2026-09-15","2026-10-15","REDS"
278,"DeviceType=1 AND Channel=Video",1.14,49887,1.142,1.142,"BOOST",0.007674,0.009284,"2026-09-15","2026-10-15","REDS"
279,"MatchCode=HEM1 AND Channel=Video",1.14,52960,1.14,1.14,"BOOST",0.007679,0.009239,"2026-09-15","2026-10-15","REDS"
280,"DeviceType=0 AND DMA=Chicago",0.95,20222,0.866,0.946,"NEUTRAL",0.005327,0.007531,"2026-09-15","2026-10-15","REDS"
281,"DeviceType=4 AND AuctionType=PMP",0.87,49929,0.869,0.869,"SUPPRESS",0.005747,0.007151,"2026-09-15","2026-10-15","REDS"
282,"DeviceType=2 AND AuctionType=PMP",1.13,50072,1.13,1.13,"BOOST",0.007589,0.009187,"2026-09-15","2026-10-15","REDS"
283,"Channel=CTV AND DMA=Phoenix",1.1,39954,1.13,1.104,"BOOST",0.007491,0.009279,"2026-09-15","2026-10-15","REDS"
284,"DeviceType=6 AND DMA=Los Angeles",1.05,20039,1.13,1.052,"NEUTRAL",0.007122,0.009646,"2026-09-15","2026-10-15","REDS"
285,"DeviceType=7 AND Channel=CTV",1.13,50110,1.129,1.129,"BOOST",0.007584,0.00918,"2026-09-15","2026-10-15","REDS"
286,"MatchCode=FZY2 AND Channel=Mobile App",0.93,26863,0.873,0.932,"NEUTRAL",0.005518,0.007436,"2026-09-15","2026-10-15","REDS"
287,"DeviceType=7 AND AuctionType=PMP",0.87,50167,0.873,0.873,"SUPPRESS",0.005776,0.00718,"2026-09-15","2026-10-15","REDS"
288,"DeviceType=7 AND AuctionType=PG",1.13,49611,1.127,1.126,"BOOST",0.007564,0.009166,"2026-09-15","2026-10-15","REDS"
289,"Site=huffpost.com AND Channel=Video",0.92,33745,0.874,0.915,"NEUTRAL",0.005633,0.007347,"2026-09-15","2026-10-15","REDS"
290,"Site=nytimes.com AND Channel=CTV",1.08,33526,1.125,1.084,"NEUTRAL",0.007378,0.009326,"2026-09-15","2026-10-15","REDS"
291,"MatchCode=FZY1 AND Channel=Video",0.9,39878,0.875,0.9,"SUPPRESS",0.005707,0.007283,"2026-09-15","2026-10-15","REDS"
292,"DeviceType=5 AND DMA=Houston",0.95,19847,0.876,0.951,"NEUTRAL",0.005382,0.007618,"2026-09-15","2026-10-15","REDS"
293,"MatchCode=MDH1 AND Channel=Video",0.97,13213,0.877,0.967,"NEUTRAL",0.005138,0.00788,"2026-09-15","2026-10-15","REDS"
294,"DeviceType=5 AND DMA=Atlanta",0.95,20256,0.878,0.951,"NEUTRAL",0.005409,0.007625,"2026-09-15","2026-10-15","REDS"
295,"DeviceType=5 AND AuctionType=PG",1.12,49957,1.122,1.122,"BOOST",0.00753,0.009124,"2026-09-15","2026-10-15","REDS"
296,"Site=espn.com AND Channel=Display",0.92,33277,0.879,0.919,"NEUTRAL",0.005656,0.007386,"2026-09-15","2026-10-15","REDS"
239,"DeviceType=6 AND AuctionType=PG",1.2,49875,1.205,1.204,"BOOST",0.008116,0.009768,"2026-09-15","2026-10-15","REDS"
240,"Site=bbc.com AND Channel=CTV",1.14,33237,1.204,1.136,"BOOST",0.007924,0.009948,"2026-09-15","2026-10-15","REDS"
241,"MatchCode=HHD1 AND Channel=CTV",1.16,40602,1.201,1.163,"BOOST",0.008002,0.00983,"2026-09-15","2026-10-15","REDS"
242,"DeviceType=6 AND AuctionType=Direct",0.81,50277,0.809,0.809,"SUPPRESS",0.005332,0.006682,"2026-09-15","2026-10-15","REDS"
243,"Channel=Video AND DMA=Denver",0.85,39611,0.813,0.852,"SUPPRESS",0.005271,0.006797,"2026-09-15","2026-10-15","REDS"
244,"DeviceType=2 AND Channel=Mobile App",1.19,49833,1.187,1.186,"BOOST",0.007989,0.009629,"2026-09-15","2026-10-15","REDS"
245,"DeviceType=7 AND DMA=Philadelphia",0.93,19845,0.815,0.926,"NEUTRAL",0.004968,0.007126,"2026-09-15","2026-10-15","REDS"
246,"MatchCode=EXCT AND Channel=Display",0.82,79431,0.816,0.816,"SUPPRESS",0.005516,0.006596,"2026-09-15","2026-10-15","REDS"
247,"MatchCode=FZY3 AND Channel=CTV",1.07,20035,1.184,1.074,"NEUTRAL",0.007493,0.010077,"2026-09-15","2026-10-15","REDS"
248,"DeviceType=4 AND AuctionType=Direct",0.82,50439,0.817,0.817,"SUPPRESS",0.005389,0.006745,"2026-09-15","2026-10-15","REDS"
249,"MatchCode=HEM1 AND Channel=Display",0.82,52764,0.82,0.82,"SUPPRESS",0.00542,0.006748,"2026-09-15","2026-10-15","REDS"
250,"DeviceType=5 AND Channel=Video",0.82,50066,0.821,0.821,"SUPPRESS",0.00541,0.006774,"2026-09-15","2026-10-15","REDS"
251,"MatchCode=FZY3 AND Channel=Video",0.93,20350,0.821,0.927,"NEUTRAL",0.005024,0.007162,"2026-09-15","2026-10-15","REDS"
252,"DeviceType=7 AND DMA=Houston",0.93,20016,0.821,0.928,"NEUTRAL",0.005017,0.007173,"2026-09-15","2026-10-15","REDS"
253,"DeviceType=7 AND DMA=Phoenix",0.93,20008,0.822,0.929,"NEUTRAL",0.005019,0.007177,"2026-09-15","2026-10-15","REDS"
254,"DeviceType=3 AND Channel=Display",0.82,49964,0.822,0.823,"SUPPRESS",0.005421,0.006787,"2026-09-15","2026-10-15","REDS"
255,"DeviceType=6 AND DMA=Denver",0.93,19803,0.823,0.93,"NEUTRAL",0.005025,0.007195,"2026-09-15","2026-10-15","REDS"
256,"DeviceType=1 AND DMA=Philadelphia",1.07,20160,1.176,1.071,"NEUTRAL",0.007446,0.010014,"2026-09-15","2026-10-15","REDS"
257,"DeviceType=5 AND DMA=Chicago",0.93,19893,0.826,0.931,"NEUTRAL",0.005048,0.007218,"2026-09-15","2026-10-15","REDS"
